Id,Prediction
5,0
14,0
18,0
19,0
26,0
27,0
30,0
31,0
32,0
33,0
35,0
47,0
49,0
52,0
53,0
55,0
56,0
62,0
63,0
64,0
67,0
72,0
73,0
74,0
76,0
80,0
81,0
82,0
89,0
90,0
94,0
97,0
98,0
100,0
107,0
112,0
113,0
114,0
119,0
124,0
125,0
131,0
132,0
133,0
134,0
138,0
148,0
149,0
150,0
151,0
152,0
154,0
158,0
163,0
166,0
168,0
172,0
173,0
174,0
175,0
176,0
180,0
183,0
185,0
187,0
188,0
198,0
201,0
202,0
206,0
207,0
210,0
211,0
216,0
218,0
224,0
228,0
231,0
240,0
242,0
249,0
250,0
252,0
254,0
257,0
258,0
259,0
261,0
263,0
265,0
267,0
269,0
272,0
276,0
280,0
281,0
283,0
284,0
286,0
287,0
292,0
293,0
295,0
309,0
310,0
312,0
316,0
317,0
319,0
325,0
329,0
335,0
337,0
338,0
340,0
345,0
349,0
352,0
354,0
357,0
359,0
372,0
375,0
376,0
377,0
378,0
380,0
382,0
385,0
389,0
392,0
394,0
397,0
399,0
400,0
402,0
403,0
405,0
431,0
434,0
440,0
442,0
445,0
447,0
455,0
460,0
461,0
471,0
479,0
481,0
485,0
486,0
487,0
489,0
491,0
496,0
508,0
513,0
514,0
521,0
522,0
524,0
526,0
529,0
534,0
540,0
541,0
542,0
543,0
555,0
559,0
563,0
565,0
566,0
569,0
571,0
577,0
580,0
584,0
586,0
589,0
592,0
594,0
596,0
605,0
607,0
608,0
609,0
611,0
614,0
615,0
617,0
618,0
620,0
624,0
629,0
635,0
639,0
641,0
642,0
657,0
663,0
664,0
669,0
675,0
679,0
680,0
681,0
687,0
690,0
691,0
697,0
698,0
704,0
709,0
710,0
713,0
715,0
720,0
722,0
724,0
726,0
738,0
740,0
743,0
750,0
751,0
754,0
758,0
761,0
765,0
772,0
779,0
785,0
789,0
791,0
792,0
793,0
800,0
807,0
809,0
810,0
814,0
821,0
828,0
831,0
834,0
838,0
841,0
843,0
848,0
853,0
857,0
860,0
864,0
874,0
877,0
882,0
890,0
892,0
897,0
901,0
903,0
904,0
907,0
909,0
911,0
917,0
918,0
919,0
925,0
927,0
930,0
932,0
934,0
938,0
939,0
942,0
944,0
945,0
947,0
953,0
957,0
961,0
972,0
973,0
979,0
980,0
981,0
983,0
985,0
986,0
988,0
993,0
996,0
997,0
998,0
999,0
1000,0
1001,0
1002,0
1003,0
1004,0
1005,0
1006,0
1007,0
1009,0
1014,0
1015,0
1017,0
1018,0
1023,0
1025,0
1028,0
1029,0
1032,0
1036,0
1037,0
1038,0
1039,0
1044,0
1048,0
1051,0
1052,0
1054,0
1057,0
1060,0
1061,0
1062,0
1063,0
1066,0
1074,0
1077,0
1078,0
1079,0
1083,0
1084,0
1085,0
1094,0
1105,0
1107,0
1115,0
1116,0
1123,0
1127,0
1130,0
1131,0
1132,0
1135,0
1136,0
1137,0
1142,0
1143,0
1144,0
1153,0
1157,0
1160,0
1163,0
1168,0
1172,0
1175,0
1179,0
1183,0
1188,0
1189,0
1191,0
1193,0
1195,0
1200,0
1201,0
1204,0
1206,0
1215,0
1216,0
1217,0
1220,0
1221,0
1228,0
1229,0
1231,0
1235,0
1237,0
1239,0
1242,0
1245,0
1246,0
1247,0
1255,0
1259,0
1260,0
1262,0
1265,0
1267,0
1269,0
1270,0
1275,0
1276,0
1278,0
1282,0
1283,0
1285,0
1287,0
1295,0
1299,0
1301,0
1302,0
1303,0
1311,0
1315,0
1316,0
1321,0
1323,0
1324,0
1325,0
1327,0
1328,0
1340,0
1341,0
1349,0
1350,0
1357,0
1358,0
1359,0
1364,0
1370,0
1372,0
1382,0
1383,0
1387,0
1388,0
1390,0
1391,0
1398,0
1399,0
1411,0
1415,0
1416,0
1418,0
1420,0
1422,0
1425,0
1427,0
1430,0
1436,0
1437,0
1440,0
1446,0
1449,0
1450,0
1451,0
1456,0
1464,0
1465,0
1467,0
1470,0
1471,0
1472,0
1478,0
1482,0
1493,0
1494,0
1495,0
1500,0
1501,0
1502,0
1505,0
1508,0
1509,0
1513,0
1514,0
1516,0
1527,0
1530,0
1531,0
1533,0
1536,0
1537,0
1540,0
1543,0
1546,0
1550,0
1553,0
1554,0
1559,0
1563,0
1568,0
1570,0
1575,0
1577,0
1579,0
1582,0
1584,0
1585,0
1587,0
1588,0
1589,0
1594,0
1595,0
1598,0
1600,0
1602,0
1607,0
1609,0
1610,0
1613,0
1614,0
1615,0
1619,0
1621,0
1623,0
1624,0
1626,0
1627,0
1635,0
1637,0
1639,0
1642,0
1645,0
1647,0
1653,0
1655,0
1657,0
1670,0
1672,0
1681,0
1684,0
1685,0
1691,0
1692,0
1693,0
1695,0
1698,0
1702,0
1703,0
1704,0
1717,0
1719,0
1724,0
1726,0
1727,0
1728,0
1732,0
1736,0
1738,0
1745,0
1751,0
1752,0
1753,0
1754,0
1755,0
1763,0
1767,0
1774,0
1781,0
1787,0
1789,0
1790,0
1795,0
1801,0
1802,0
1810,0
1813,0
1818,0
1821,0
1825,0
1827,0
1834,0
1837,0
1849,0
1853,0
1856,0
1865,0
1867,0
1869,0
1870,0
1873,0
1875,0
1878,0
1882,0
1883,0
1884,0
1885,0
1895,0
1897,0
1904,0
1906,0
1909,0
1912,0
1913,0
1916,0
1917,0
1919,0
1923,0
1924,0
1927,0
1930,0
1932,0
1936,0
1937,0
1940,0
1942,0
1945,0
1948,0
1950,0
1955,0
1956,0
1957,0
1961,0
1962,0
1966,0
1972,0
1973,0
1976,0
1979,0
1980,0
1983,0
1986,0
1987,0
1996,0
2000,0
2009,0
2011,0
2014,0
2015,0
2016,0
2017,0
2020,0
2023,0
2027,0
2033,0
2035,0
2036,0
2037,0
2039,0
2040,0
2047,0
2057,0
2058,0
2062,0
2063,0
2065,0
2068,0
2074,0
2075,0
2076,0
2082,0
2085,0
2086,0
2087,0
2088,0
2090,0
2093,0
2098,0
2101,0
2103,0
2104,0
2105,0
2110,0
2111,0
2112,0
2117,0
2120,0
2121,0
2126,0
2131,0
2132,0
2136,0
2138,0
2140,0
2145,0
2147,0
2149,0
2161,0
2162,0
2164,0
2166,0
2175,0
2177,0
2184,0
2185,0
2191,0
2197,0
2200,0
2209,0
2216,0
2228,0
2234,0
2241,0
2244,0
2247,0
2250,0
2257,0
2259,0
2262,0
2263,0
2266,0
2268,0
2269,0
2273,0
2277,0
2278,0
2280,0
2281,0
2284,0
2288,0
2300,0
2301,0
2302,0
2308,0
2311,0
2312,0
2313,0
2325,0
2339,0
2343,0
2347,0
2349,0
2350,0
2352,0
2358,0
2360,0
2361,0
2364,0
2366,0
2367,0
2373,0
2377,0
2378,0
2382,0
2383,0
2384,0
2388,0
2389,0
2391,0
2392,0
2397,0
2398,0
2401,0
2402,0
2406,0
2411,0
2414,0
2417,0
2420,0
2421,0
2424,0
2425,0
2430,0
2434,0
2438,0
2441,0
2444,0
2447,0
2450,0
2459,0
2461,0
2462,0
2463,0
2467,0
2468,0
2471,0
2475,0
2476,0
2477,0
2478,0
2482,0
2484,0
2486,0
2493,0
2499,0
2500,0
2501,0
2502,0
2505,0
2511,0
2513,0
2516,0
2517,0
2519,0
2524,0
2526,0
2527,0
2529,0
2531,0
2532,0
2534,0
2536,0
2544,0
2547,0
2550,0
2551,0
2552,0
2554,0
2559,0
2568,0
2576,0
2579,0
2581,0
2582,0
2589,0
2595,0
2597,0
2601,0
2604,0
2606,0
2607,0
2609,0
2612,0
2613,0
2618,0
2619,0
2621,0
2626,0
2628,0
2631,0
2632,0
2637,0
2638,0
2639,0
2640,0
2644,0
2654,0
2655,0
2656,0
2657,0
2658,0
2662,0
2666,0
2668,0
2674,0
2677,0
2679,0
2689,0
2691,0
2693,0
2695,0
2696,0
2699,0
2707,0
2711,0
2712,0
2715,0
2718,0
2720,0
2727,0
2731,0
2735,0
2736,0
2739,0
2751,0
2752,0
2754,0
2763,0
2767,0
2769,0
2771,0
2773,0
2775,0
2779,0
2784,0
2794,0
2797,0
2800,0
2801,0
2805,0
2811,0
2812,0
2814,0
2819,0
2821,0
2827,0
2829,0
2831,0
2834,0
2836,0
2838,0
2841,0
2852,0
2860,0
2868,0
2870,0
2873,0
2874,0
2879,0
2885,0
2889,0
2891,0
2892,0
2896,0
2906,0
2907,0
2909,0
2910,0
2911,0
2914,0
2916,0
2917,0
2918,0
2920,0
2921,0
2924,0
2928,0
2929,0
2930,0
2934,0
2935,0
2941,0
2946,0
2966,0
2967,0
2970,0
2972,0
2977,0
2980,0
2982,0
2983,0
2986,0
2990,0
2996,0
3000,0
3012,0
3014,0
3018,0
3021,0
3025,0
3032,0
3037,0
3038,0
3040,0
3044,0
3051,0
3058,0
3061,0
3062,0
3063,0
3065,0
3067,0
3070,0
3076,0
3081,0
3082,0
3083,0
3085,0
3089,0
3090,0
3091,0
3093,0
3094,0
3096,0
3100,0
3102,0
3104,0
3105,0
3110,0
3114,0
3116,0
3122,0
3124,0
3126,0
3127,0
3128,0
3131,0
3135,0
3139,0
3144,0
3145,0
3148,0
3149,0
3153,0
3162,0
3180,0
3183,0
3188,0
3190,0
3194,0
3196,0
3198,0
3200,0
3204,0
3207,0
3209,0
3211,0
3214,0
3218,0
3219,0
3225,0
3226,0
3235,0
3239,0
3241,0
3244,0
3245,0
3249,0
3253,0
3261,0
3265,0
3272,0
3275,0
3277,0
3280,0
3281,0
3288,0
3289,0
3290,0
3294,0
3297,0
3303,0
3309,0
3313,0
3315,0
3328,0
3337,0
3340,0
3342,0
3346,0
3348,0
3349,0
3352,0
3353,0
3354,0
3356,0
3367,0
3368,0
3371,0
3373,0
3384,0
3385,0
3391,0
3392,0
3395,0
3396,0
3397,0
3406,0
3408,0
3409,0
3414,0
3415,0
3423,0
3426,0
3429,0
3430,0
3435,0
3437,0
3440,0
3441,0
3445,0
3452,0
3453,0
3456,0
3457,0
3461,0
3462,0
3465,0
3466,0
3472,0
3473,0
3474,0
3480,0
3481,0
3482,0
3484,0
3485,0
3488,0
3489,0
3491,0
3494,0
3499,0
3500,0
3502,0
3505,0
3506,0
3512,0
3514,0
3527,0
3532,0
3535,0
3537,0
3540,0
3545,0
3546,0
3551,0
3552,0
3555,0
3557,0
3559,0
3560,0
3563,0
3564,0
3565,0
3568,0
3569,0
3571,0
3575,0
3580,0
3581,0
3582,0
3584,0
3586,0
3590,0
3591,0
3598,0
3608,0
3613,0
3616,0
3619,0
3620,0
3623,0
3627,0
3639,0
3645,0
3650,0
3651,0
3654,0
3658,0
3660,0
3661,0
3662,0
3664,0
3669,0
3671,0
3674,0
3678,0
3680,0
3681,0
3684,0
3686,0
3692,0
3693,0
3695,0
3700,0
3701,0
3704,0
3706,0
3717,0
3718,0
3719,0
3722,0
3727,0
3729,0
3736,0
3738,0
3741,0
3761,0
3762,0
3765,0
3767,0
3775,0
3778,0
3780,0
3781,0
3786,0
3793,0
3794,0
3796,0
3801,0
3805,0
3806,0
3808,0
3810,0
3821,0
3825,0
3829,0
3834,0
3840,0
3844,0
3845,0
3846,0
3849,0
3850,0
3853,0
3854,0
3863,0
3864,0
3865,0
3867,0
3881,0
3884,0
3886,0
3887,0
3890,0
3897,0
3898,0
3900,0
3904,0
3906,0
3908,0
3910,0
3920,0
3923,0
3925,0
3932,0
3934,0
3939,0
3940,0
3952,0
3956,0
3962,0
3963,0
3965,0
3968,0
3971,0
3974,0
3975,0
3977,0
3978,0
3981,0
3982,0
3987,0
3990,0
3992,0
4000,0
4009,0
4013,0
4016,0
4017,0
4030,0
4034,0
4035,0
4040,0
4041,0
4045,0
4047,0
4049,0
4054,0
4059,0
4066,0
4067,0
4068,0
4069,0
4071,0
4074,0
4077,0
4083,0
4091,0
4100,0
4104,0
4109,0
4110,0
4117,0
4118,0
4120,0
4122,0
4124,0
4127,0
4128,0
4129,0
4130,0
4134,0
4139,0
4141,0
4145,0
4146,0
4147,0
4150,0
4159,0
4177,0
4182,0
4184,0
4187,0
4189,0
4192,0
4197,0
4200,0
4208,0
4213,0
4222,0
4226,0
4229,0
4230,0
4231,0
4245,0
4248,0
4252,0
4259,0
4261,0
4271,0
4274,0
4277,0
4278,0
4280,0
4281,0
4282,0
4284,0
4285,0
4286,0
4289,0
4290,0
4291,0
4292,0
4299,0
4300,0
4304,0
4306,0
4307,0
4310,0
4312,0
4313,0
4316,0
4318,0
4323,0
4326,0
4327,0
4329,0
4334,0
4335,0
4338,0
4342,0
4344,0
4346,0
4350,0
4351,0
4353,0
4357,0
4361,0
4362,0
4364,0
4378,0
4382,0
4388,0
4390,0
4393,0
4397,0
4405,0
4406,0
4407,0
4409,0
4412,0
4414,0
4418,0
4419,0
4420,0
4421,0
4429,0
4430,0
4431,0
4434,0
4436,0
4442,0
4443,0
4444,0
4446,0
4447,0
4451,0
4453,0
4455,0
4456,0
4461,0
4464,0
4469,0
4472,0
4478,0
4481,0
4482,0
4491,0
4492,0
4493,0
4495,0
4496,0
4499,0
4503,0
4504,0
4505,0
4507,0
4511,0
4518,0
4522,0
4527,0
4529,0
4530,0
4535,0
4536,0
4537,0
4539,0
4540,0
4543,0
4550,0
4551,0
4556,0
4560,0
4564,0
4569,0
4576,0
4579,0
4581,0
4587,0
4588,0
4597,0
4599,0
4601,0
4616,0
4621,0
4622,0
4625,0
4636,0
4640,0
4644,0
4645,0
4646,0
4647,0
4648,0
4649,0
4655,0
4667,0
4669,0
4670,0
4673,0
4674,0
4677,0
4679,0
4682,0
4684,0
4685,0
4689,0
4692,0
4693,0
4696,0
4703,0
4706,0
4710,0
4711,0
4712,0
4714,0
4717,0
4720,0
4723,0
4725,0
4742,0
4743,0
4745,0
4751,0
4754,0
4755,0
4756,0
4760,0
4765,0
4769,0
4770,0
4775,0
4780,0
4782,0
4784,0
4787,0
4789,0
4790,0
4791,0
4793,0
4795,0
4796,0
4797,0
4798,0
4807,0
4813,0
4814,0
4815,0
4819,0
4823,0
4826,0
4831,0
4839,0
4841,0
4842,0
4847,0
4848,0
4849,0
4853,0
4855,0
4859,0
4861,0
4863,0
4868,0
4875,0
4876,0
4882,0
4883,0
4885,0
4887,0
4889,0
4893,0
4895,0
4896,0
4897,0
4898,0
4902,0
4903,0
4904,0
4907,0
4908,0
4911,0
4912,0
4915,0
4916,0
4922,0
4929,0
4938,0
4940,0
4948,0
4950,0
4958,0
4963,0
4969,0
4976,0
4979,0
4985,0
4988,0
4997,0
4998,0
5002,0
5005,0
5013,0
5015,0
5018,0
5020,0
5025,0
5027,0
5029,0
5033,0
5038,0
5042,0
5048,0
5058,0
5060,0
5063,0
5068,0
5069,0
5071,0
5074,0
5081,0
5087,0
5089,0
5091,0
5095,0
5100,0
5105,0
5106,0
5118,0
5122,0
5123,0
5139,0
5141,0
5142,0
5143,0
5144,0
5145,0
5148,0
5150,0
5152,0
5154,0
5158,0
5159,0
5160,0
5161,0
5163,0
5168,0
5170,0
5172,0
5173,0
5178,0
5184,0
5185,0
5186,0
5190,0
5194,0
5197,0
5198,0
5200,0
5205,0
5207,0
5222,0
5224,0
5226,0
5229,0
5235,0
5237,0
5240,0
5243,0
5244,0
5252,0
5257,0
5261,0
5266,0
5271,0
5280,0
5284,0
5286,0
5291,0
5298,0
5303,0
5304,0
5316,0
5318,0
5320,0
5322,0
5324,0
5325,0
5331,0
5332,0
5337,0
5339,0
5343,0
5345,0
5361,0
5373,0
5374,0
5375,0
5381,0
5385,0
5386,0
5392,0
5393,0
5394,0
5399,0
5401,0
5406,0
5408,0
5428,0
5429,0
5434,0
5437,0
5438,0
5439,0
5442,0
5448,0
5461,0
5464,0
5467,0
5468,0
5471,0
5472,0
5473,0
5481,0
5483,0
5492,0
5494,0
5498,0
5499,0
5503,0
5505,0
5510,0
5513,0
5514,0
5519,0
5520,0
5521,0
5522,0
5523,0
5527,0
5528,0
5529,0
5537,0
5541,0
5550,0
5555,0
5556,0
5565,0
5566,0
5572,0
5573,0
5574,0
5576,0
5577,0
5578,0
5579,0
5585,0
5587,0
5589,0
5591,0
5594,0
5595,0
5600,0
5601,0
5602,0
5604,0
5605,0
5608,0
5610,0
5611,0
5614,0
5621,0
5627,0
5628,0
5635,0
5640,0
5646,0
5653,0
5654,0
5656,0
5658,0
5666,0
5668,0
5669,0
5671,0
5675,0
5677,0
5683,0
5701,0
5703,0
5704,0
5706,0
5711,0
5712,0
5713,0
5717,0
5718,0
5719,0
5736,0
5739,0
5741,0
5742,0
5743,0
5744,0
5746,0
5747,0
5750,0
5756,0
5757,0
5763,0
5764,0
5765,0
5767,0
5768,0
5774,0
5779,0
5783,0
5784,0
5785,0
5787,0
5788,0
5789,0
5791,0
5792,0
5810,0
5817,0
5821,0
5822,0
5828,0
5829,0
5831,0
5832,0
5834,0
5835,0
5836,0
5839,0
5844,0
5845,0
5849,0
5850,0
5852,0
5855,0
5859,0
5860,0
5864,0
5865,0
5866,0
5868,0
5871,0
5873,0
5877,0
5880,0
5883,0
5885,0
5886,0
5888,0
5890,0
5892,0
5897,0
5899,0
5900,0
5901,0
5906,0
5909,0
5913,0
5915,0
5919,0
5926,0
5927,0
5938,0
5942,0
5950,0
5953,0
5960,0
5964,0
5965,0
5969,0
5971,0
5975,0
5987,0
5995,0
5997,0
5998,0
6002,0
6003,0
6006,0
6011,0
6020,0
6023,0
6024,0
6029,0
6034,0
6035,0
6037,0
6041,0
6044,0
6049,0
6050,0
6051,0
6060,0
6061,0
6063,0
6066,0
6068,0
6069,0
6072,0
6074,0
6077,0
6078,0
6080,0
6081,0
6084,0
6087,0
6089,0
6093,0
6099,0
6100,0
6104,0
6107,0
6112,0
6114,0
6115,0
6118,0
6134,0
6139,0
6140,0
6143,0
6145,0
6148,0
6152,0
6153,0
6155,0
6157,0
6162,0
6165,0
6167,0
6170,0
6173,0
6175,0
6176,0
6181,0
6182,0
6183,0
6186,0
6187,0
6188,0
6191,0
6194,0
6198,0
6201,0
6206,0
6207,0
6209,0
6213,0
6214,0
6216,0
6217,0
6221,0
6222,0
6227,0
6229,0
6231,0
6232,0
6244,0
6245,0
6246,0
6250,0
6253,0
6255,0
6260,0
6261,0
6262,0
6264,0
6266,0
6270,0
6272,0
6275,0
6281,0
6283,0
6290,0
6292,0
6303,0
6307,0
6308,0
6312,0
6314,0
6316,0
6317,0
6320,0
6321,0
6323,0
6331,0
6333,0
6342,0
6343,0
6344,0
6349,0
6350,0
6352,0
6354,0
6356,0
6358,0
6359,0
6360,0
6364,0
6366,0
6368,0
6373,0
6378,0
6379,0
6380,0
6387,0
6391,0
6394,0
6399,0
6401,0
6404,0
6408,0
6410,0
6413,0
6424,0
6430,0
6431,0
6432,0
6434,0
6436,0
6438,0
6440,0
6441,0
6446,0
6450,0
6452,0
6455,0
6456,0
6457,0
6460,0
6462,0
6465,0
6479,0
6481,0
6485,0
6486,0
6492,0
6493,0
6495,0
6496,0
6497,0
6502,0
6504,0
6506,0
6509,0
6522,0
6523,0
6524,0
6529,0
6533,0
6535,0
6538,0
6539,0
6542,0
6544,0
6545,0
6547,0
6549,0
6550,0
6561,0
6562,0
6565,0
6572,0
6575,0
6577,0
6583,0
6588,0
6589,0
6593,0
6596,0
6598,0
6600,0
6602,0
6603,0
6608,0
6611,0
6617,0
6618,0
6619,0
6623,0
6632,0
6637,0
6644,0
6646,0
6650,0
6652,0
6653,0
6656,0
6657,0
6668,0
6669,0
6674,0
6677,0
6678,0
6682,0
6684,0
6686,0
6688,0
6692,0
6696,0
6698,0
6699,0
6707,0
6708,0
6717,0
6718,0
6724,0
6726,0
6727,0
6732,0
6733,0
6735,0
6737,0
6745,0
6746,0
6748,0
6749,0
6755,0
6758,0
6759,0
6765,0
6767,0
6772,0
6776,0
6787,0
6790,0
6791,0
6792,0
6794,0
6799,0
6805,0
6810,0
6811,0
6813,0
6816,0
6822,0
6823,0
6827,0
6830,0
6834,0
6837,0
6841,0
6843,0
6845,0
6847,0
6853,0
6857,0
6866,0
6867,0
6874,0
6875,0
6881,0
6886,0
6887,0
6890,0
6891,0
6893,0
6894,0
6899,0
6900,0
6905,0
6917,0
6927,0
6933,0
6936,0
6937,0
6939,0
6942,0
6944,0
6946,0
6954,0
6958,0
6963,0
6968,0
6973,0
6975,0
6982,0
6986,0
6988,0
6991,0
6998,0
7000,0
7003,0
7005,0
7011,0
7013,0
7021,0
7022,0
7025,0
7038,0
7043,0
7044,0
7049,0
7056,0
7065,0
7066,0
7069,0
7070,0
7073,0
7075,0
7088,0
7092,0
7105,0
7106,0
7108,0
7109,0
7116,0
7118,0
7123,0
7124,0
7128,0
7129,0
7130,0
7131,0
7134,0
7135,0
7137,0
7139,0
7141,0
7144,0
7148,0
7150,0
7152,0
7155,0
7158,0
7160,0
7161,0
7169,0
7170,0
7173,0
7176,0
7182,0
7184,0
7185,0
7189,0
7192,0
7193,0
7195,0
7196,0
7199,0
7200,0
7209,0
7212,0
7213,0
7214,0
7216,0
7222,0
7227,0
7231,0
7235,0
7238,0
7243,0
7245,0
7248,0
7251,0
7253,0
7254,0
7255,0
7256,0
7257,0
7258,0
7263,0
7272,0
7274,0
7276,0
7278,0
7283,0
7289,0
7293,0
7298,0
7300,0
7304,0
7308,0
7323,0
7326,0
7327,0
7349,0
7353,0
7356,0
7363,0
7365,0
7366,0
7367,0
7370,0
7371,0
7374,0
7378,0
7379,0
7383,0
7387,0
7388,0
7396,0
7397,0
7398,0
7400,0
7401,0
7403,0
7407,0
7408,0
7409,0
7412,0
7423,0
7433,0
7434,0
7439,0
7441,0
7442,0
7443,0
7449,0
7451,0
7455,0
7456,0
7457,0
7458,0
7460,0
7463,0
7464,0
7473,0
7475,0
7476,0
7499,0
7504,0
7508,0
7510,0
7514,0
7516,0
7517,0
7518,0
7521,0
7524,0
7526,0
7527,0
7529,0
7539,0
7540,0
7541,0
7544,0
7545,0
7547,0
7548,0
7552,0
7554,0
7555,0
7556,0
7557,0
7560,0
7561,0
7562,0
7565,0
7569,0
7573,0
7575,0
7581,0
7582,0
7587,0
7589,0
7594,0
7595,0
7601,0
7602,0
7604,0
7611,0
7613,0
7616,0
7618,0
7622,0
7639,0
7640,0
7645,0
7647,0
7651,0
7653,0
7655,0
7659,0
7662,0
7674,0
7676,0
7677,0
7689,0
7697,0
7698,0
7699,0
7700,0
7701,0
7703,0
7706,0
7713,0
7717,0
7719,0
7721,0
7726,0
7731,0
7737,0
7740,0
7742,0
7744,0
7750,0
7756,0
7766,0
7767,0
7769,0
7772,0
7774,0
7779,0
7784,0
7788,0
7789,0
7790,0
7791,0
7793,0
7798,0
7801,0
7803,0
7807,0
7808,0
7809,0
7817,0
7824,0
7828,0
7836,0
7839,0
7842,0
7844,0
7847,0
7850,0
7853,0
7854,0
7862,0
7871,0
7873,0
7875,0
7880,0
7884,0
7886,0
7887,0
7891,0
7895,0
7898,0
7901,0
7902,0
7910,0
7913,0
7915,0
7919,0
7923,0
7924,0
7930,0
7936,0
7937,0
7940,0
7942,0
7943,0
7947,0
7950,0
7951,0
7959,0
7961,0
7962,0
7964,0
7969,0
7972,0
7979,0
7982,0
7983,0
7986,0
7989,0
7993,0
7995,0
7997,0
8002,0
8003,0
8004,0
8008,0
8012,0
8013,0
8014,0
8015,0
8018,0
8023,0
8026,0
8031,0
8035,0
8037,0
8041,0
8042,0
8044,0
8048,0
8049,0
8055,0
8056,0
8057,0
8062,0
8065,0
8072,0
8073,0
8078,0
8079,0
8095,0
8098,0
8102,0
8105,0
8106,0
8107,0
8110,0
8112,0
8114,0
8115,0
8116,0
8117,0
8122,0
8126,0
8128,0
8133,0
8137,0
8140,0
8142,0
8144,0
8148,0
8159,0
8161,0
8165,0
8166,0
8171,0
8176,0
8178,0
8181,0
8186,0
8194,0
8195,0
8198,0
8201,0
8209,0
8211,0
8215,0
8222,0
8228,0
8246,0
8252,0
8259,0
8264,0
8265,0
8268,0
8271,0
8272,0
8279,0
8283,0
8289,0
8293,0
8296,0
8304,0
8305,0
8306,0
8307,0
8310,0
8315,0
8330,0
8331,0
8334,0
8335,0
8339,0
8341,0
8346,0
8350,0
8355,0
8358,0
8371,0
8372,0
8374,0
8377,0
8378,0
8386,0
8387,0
8392,0
8393,0
8395,0
8397,0
8399,0
8400,0
8401,0
8403,0
8404,0
8406,0
8408,0
8409,0
8410,0
8415,0
8416,0
8417,0
8422,0
8423,0
8425,0
8428,0
8429,0
8432,0
8434,0
8436,0
8444,0
8445,0
8450,0
8452,0
8453,0
8454,0
8455,0
8457,0
8459,0
8460,0
8463,0
8468,0
8473,0
8475,0
8477,0
8478,0
8479,0
8480,0
8482,0
8483,0
8486,0
8489,0
8490,0
8492,0
8496,0
8505,0
8512,0
8513,0
8514,0
8515,0
8517,0
8518,0
8523,0
8525,0
8527,0
8530,0
8532,0
8540,0
8543,0
8551,0
8558,0
8560,0
8561,0
8569,0
8571,0
8572,0
8584,0
8588,0
8594,0
8597,0
8599,0
8600,0
8614,0
8621,0
8626,0
8627,0
8628,0
8630,0
8632,0
8633,0
8634,0
8635,0
8640,0
8641,0
8644,0
8654,0
8659,0
8661,0
8662,0
8673,0
8677,0
8678,0
8680,0
8682,0
8695,0
8697,0
8703,0
8704,0
8706,0
8707,0
8711,0
8712,0
8713,0
8715,0
8718,0
8719,0
8720,0
8722,0
8724,0
8730,0
8735,0
8736,0
8739,0
8740,0
8746,0
8749,0
8752,0
8754,0
8758,0
8763,0
8764,0
8767,0
8770,0
8771,0
8772,0
8775,0
8776,0
8777,0
8778,0
8780,0
8781,0
8784,0
8786,0
8788,0
8797,0
8807,0
8811,0
8815,0
8819,0
8822,0
8828,0
8832,0
8835,0
8841,0
8842,0
8844,0
8845,0
8848,0
8850,0
8853,0
8857,0
8867,0
8874,0
8875,0
8877,0
8880,0
8884,0
8887,0
8890,0
8891,0
8894,0
8900,0
8906,0
8908,0
8910,0
8911,0
8912,0
8913,0
8914,0
8916,0
8922,0
8923,0
8925,0
8927,0
8928,0
8944,0
8947,0
8948,0
8961,0
8963,0
8965,0
8970,0
8977,0
8979,0
8981,0
8985,0
8986,0
8988,0
8989,0
8990,0
8991,0
8995,0
8997,0
8998,0
9002,0
9006,0
9009,0
9010,0
9013,0
9025,0
9026,0
9031,0
9036,0
9037,0
9042,0
9044,0
9046,0
9049,0
9052,0
9057,0
9060,0
9067,0
9071,0
9073,0
9081,0
9082,0
9095,0
9099,0
9101,0
9103,0
9105,0
9106,0
9111,0
9112,0
9114,0
9118,0
9127,0
9132,0
9133,0
9139,0
9140,0
9145,0
9151,0
9155,0
9158,0
9159,0
9162,0
9168,0
9177,0
9184,0
9187,0
9188,0
9189,0
9196,0
9198,0
9199,0
9202,0
9205,0
9206,0
9209,0
9210,0
9215,0
9218,0
9219,0
9222,0
9228,0
9229,0
9230,0
9233,0
9236,0
9237,0
9239,0
9240,0
9241,0
9248,0
9250,0
9253,0
9255,0
9258,0
9263,0
9271,0
9272,0
9273,0
9281,0
9286,0
9288,0
9294,0
9295,0
9296,0
9301,0
9309,0
9310,0
9311,0
9316,0
9319,0
9321,0
9331,0
9334,0
9339,0
9344,0
9345,0
9346,0
9359,0
9377,0
9380,0
9381,0
9383,0
9387,0
9388,0
9393,0
9396,0
9397,0
9398,0
9399,0
9400,0
9411,0
9413,0
9416,0
9417,0
9427,0
9430,0
9431,0
9433,0
9437,0
9441,0
9442,0
9444,0
9445,0
9447,0
9450,0
9451,0
9452,0
9453,0
9458,0
9459,0
9460,0
9463,0
9468,0
9469,0
9472,0
9474,0
9477,0
9478,0
9480,0
9487,0
9491,0
9492,0
9498,0
9500,0
9506,0
9507,0
9508,0
9509,0
9512,0
9520,0
9526,0
9532,0
9539,0
9542,0
9543,0
9544,0
9548,0
9552,0
9554,0
9557,0
9563,0
9568,0
9569,0
9571,0
9572,0
9582,0
9585,0
9586,0
9587,0
9589,0
9592,0
9603,0
9605,0
9613,0
9616,0
9621,0
9626,0
9628,0
9629,0
9636,0
9638,0
9643,0
9650,0
9652,0
9653,0
9657,0
9659,0
9670,0
9671,0
9672,0
9675,0
9676,0
9679,0
9680,0
9681,0
9682,0
9685,0
9687,0
9692,0
9696,0
9697,0
9698,0
9701,0
9703,0
9707,0
9710,0
9711,0
9712,0
9714,0
9715,0
9719,0
9720,0
9722,0
9725,0
9727,0
9728,0
9731,0
9732,0
9734,0
9735,0
9739,0
9741,0
9742,0
9744,0
9745,0
9753,0
9754,0
9759,0
9761,0
9763,0
9766,0
9767,0
9768,0
9771,0
9775,0
9778,0
9779,0
9780,0
9781,0
9783,0
9784,0
9785,0
9799,0
9800,0
9801,0
9808,0
9810,0
9811,0
9815,0
9817,0
9818,0
9821,0
9824,0
9829,0
9830,0
9831,0
9832,0
9835,0
9839,0
9840,0
9841,0
9842,0
9843,0
9844,0
9846,0
9854,0
9857,0
9859,0
9860,0
9868,0
9873,0
9877,0
9878,0
9882,0
9883,0
9884,0
9885,0
9887,0
9892,0
9896,0
9899,0
9903,0
9905,0
9913,0
9917,0
9919,0
9921,0
9924,0
9926,0
9928,0
9932,0
9934,0
9936,0
9940,0
9942,0
9946,0
9947,0
9950,0
9958,0
9961,0
9971,0
9974,0
9975,0
9976,0
9977,0
9979,0
9980,0
9982,0
9985,0
9988,0
9991,0
9997,0
10001,0
10004,0
10005,0
10006,0
10012,0
10013,0
10015,0
10018,0
10022,0
10032,0
10034,0
10035,0
10037,0
10039,0
10041,0
10046,0
10047,0
10049,0
10050,0
10053,0
10057,0
10058,0
10068,0
10076,0
10079,0
10085,0
10087,0
10088,0
10095,0
10107,0
10108,0
10109,0
10110,0
10114,0
10120,0
10121,0
10124,0
10127,0
10129,0
10133,0
10139,0
10141,0
10143,0
10144,0
10146,0
10147,0
10151,0
10153,0
10157,0
10158,0
10160,0
10166,0
10169,0
10170,0
10171,0
10172,0
10179,0
10183,0
10189,0
10194,0
10195,0
10198,0
10200,0
10202,0
10206,0
10211,0
10213,0
10215,0
10216,0
10218,0
10221,0
10222,0
10225,0
10232,0
10239,0
10240,0
10243,0
10248,0
10250,0
10257,0
10258,0
10259,0
10264,0
10265,0
10266,0
10267,0
10272,0
10274,0
10276,0
10278,0
10280,0
10284,0
10285,0
10287,0
10290,0
10297,0
10301,0
10303,0
10312,0
10313,0
10317,0
10318,0
10319,0
10323,0
10325,0
10326,0
10327,0
10331,0
10332,0
10336,0
10343,0
10348,0
10355,0
10356,0
10357,0
10364,0
10365,0
10369,0
10373,0
10377,0
10379,0
10380,0
10382,0
10383,0
10385,0
10395,0
10400,0
10406,0
10407,0
10408,0
10415,0
10419,0
10427,0
10428,0
10431,0
10432,0
10435,0
10436,0
10440,0
10442,0
10444,0
10445,0
10449,0
10450,0
10455,0
10470,0
10474,0
10477,0
10478,0
10482,0
10483,0
10484,0
10487,0
10492,0
10499,0
10500,0
10501,0
10502,0
10503,0
10506,0
10507,0
10511,0
10516,0
10523,0
10525,0
10526,0
10527,0
10528,0
10529,0
10531,0
10532,0
10533,0
10534,0
10536,0
10538,0
10539,0
10540,0
10543,0
10545,0
10549,0
10555,0
10556,0
10560,0
10562,0
10566,0
10568,0
10570,0
10574,0
10577,0
10582,0
10586,0
10587,0
10588,0
10590,0
10592,0
10596,0
10598,0
10601,0
10609,0
10610,0
10614,0
10615,0
10617,0
10622,0
10624,0
10626,0
10631,0
10634,0
10641,0
10642,0
10643,0
10644,0
10645,0
10648,0
10650,0
10652,0
10653,0
10654,0
10655,0
10659,0
10665,0
10666,0
10667,0
10669,0
10675,0
10680,0
10688,0
10689,0
10691,0
10693,0
10696,0
10697,0
10698,0
10704,0
10708,0
10710,0
10711,0
10712,0
10714,0
10720,0
10722,0
10730,0
10731,0
10732,0
10735,0
10737,0
10743,0
10758,0
10761,0
10765,0
10775,0
10777,0
10782,0
10783,0
10786,0
10794,0
10795,0
10801,0
10805,0
10806,0
10807,0
10811,0
10813,0
10815,0
10819,0
10821,0
10822,0
10825,0
10831,0
10832,0
10833,0
10834,0
10835,0
10837,0
10839,0
10841,0
10843,0
10844,0
10845,0
10847,0
10863,0
10871,0
10873,0
10874,0
10877,0
10878,0
10879,0
10884,0
10885,0
10894,0
10895,0
10896,0
10900,0
10902,0
10903,0
10906,0
10911,0
10913,0
10914,0
10916,0
10918,0
10924,0
10926,0
10931,0
10933,0
10937,0
10940,0
10941,0
10942,0
10943,0
10951,0
10958,0
10959,0
10961,0
10973,0
10974,0
10978,0
10979,0
10982,0
10987,0
10992,0
10994,0
10996,0
10997,0
11001,0
11007,0
11010,0
11012,0
11013,0
11014,0
11022,0
11023,0
11024,0
11027,0
11028,0
11031,0
11037,0
11043,0
11047,0
11050,0
11058,0
11061,0
11071,0
11073,0
11076,0
11077,0
11078,0
11083,0
11084,0
11088,0
11089,0
11091,0
11092,0
11094,0
11105,0
11108,0
11110,0
11112,0
11116,0
11119,0
11124,0
11125,0
11126,0
11128,0
11134,0
11135,0
11149,0
11153,0
11158,0
11161,0
11167,0
11170,0
11171,0
11174,0
11175,0
11179,0
11184,0
11193,0
11195,0
11198,0
11200,0
11205,0
11206,0
11210,0
11211,0
11212,0
11213,0
11214,0
11216,0
11219,0
11225,0
11232,0
11236,0
11238,0
11239,0
11242,0
11244,0
11246,0
11249,0
11259,0
11262,0
11279,0
11282,0
11283,0
11286,0
11287,0
11289,0
11291,0
11303,0
11305,0
11307,0
11309,0
11310,0
11316,0
11317,0
11322,0
11325,0
11326,0
11328,0
11329,0
11342,0
11351,0
11365,0
11369,0
11371,0
11375,0
11377,0
11378,0
11379,0
11381,0
11384,0
11385,0
11391,0
11392,0
11393,0
11395,0
11400,0
11402,0
11403,0
11405,0
11410,0
11411,0
11414,0
11418,0
11419,0
11423,0
11428,0
11434,0
11435,0
11437,0
11438,0
11439,0
11441,0
11447,0
11448,0
11452,0
11455,0
11459,0
11462,0
11463,0
11464,0
11465,0
11471,0
11473,0
11475,0
11476,0
11484,0
11491,0
11492,0
11497,0
11499,0
11504,0
11510,0
11512,0
11514,0
11515,0
11516,0
11520,0
11528,0
11531,0
11533,0
11534,0
11536,0
11541,0
11546,0
11557,0
11558,0
11561,0
11563,0
11566,0
11568,0
11570,0
11571,0
11573,0
11574,0
11576,0
11580,0
11583,0
11587,0
11588,0
11591,0
11596,0
11599,0
11601,0
11603,0
11607,0
11611,0
11614,0
11615,0
11617,0
11627,0
11629,0
11631,0
11633,0
11643,0
11644,0
11647,0
11649,0
11655,0
11656,0
11657,0
11660,0
11661,0
11662,0
11669,0
11672,0
11674,0
11675,0
11678,0
11679,0
11685,0
11686,0
11687,0
11691,0
11707,0
11711,0
11712,0
11713,0
11714,0
11715,0
11716,0
11722,0
11723,0
11726,0
11734,0
11735,0
11740,0
11746,0
11747,0
11748,0
11751,0
11752,0
11753,0
11762,0
11764,0
11766,0
11771,0
11776,0
11777,0
11779,0
11780,0
11782,0
11784,0
11785,0
11789,0
11791,0
11794,0
11798,0
11799,0
11801,0
11808,0
11810,0
11812,0
11819,0
11820,0
11827,0
11828,0
11834,0
11840,0
11843,0
11850,0
11852,0
11853,0
11859,0
11867,0
11871,0
11872,0
11878,0
11881,0
11891,0
11892,0
11893,0
11896,0
11897,0
11902,0
11909,0
11918,0
11924,0
11927,0
11929,0
11932,0
11935,0
11938,0
11941,0
11943,0
11949,0
11952,0
11957,0
11959,0
11961,0
11962,0
11963,0
11967,0
11969,0
11970,0
11971,0
11972,0
11980,0
11987,0
11990,0
11991,0
11995,0
11997,0
11998,0
12000,0
12007,0
12008,0
12011,0
12013,0
12016,0
12017,0
12018,0
12024,0
12027,0
12028,0
12029,0
12038,0
12042,0
12060,0
12062,0
12063,0
12065,0
12068,0
12069,0
12072,0
12074,0
12081,0
12082,0
12084,0
12088,0
12092,0
12101,0
12102,0
12104,0
12105,0
12117,0
12122,0
12132,0
12133,0
12135,0
12137,0
12141,0
12142,0
12146,0
12147,0
12151,0
12152,0
12155,0
12163,0
12164,0
12166,0
12167,0
12170,0
12179,0
12182,0
12183,0
12185,0
12187,0
12192,0
12195,0
12203,0
12204,0
12207,0
12211,0
12219,0
12220,0
12222,0
12223,0
12224,0
12229,0
12230,0
12232,0
12236,0
12238,0
12243,0
12244,0
12246,0
12255,0
12264,0
12265,0
12269,0
12275,0
12281,0
12283,0
12284,0
12287,0
12289,0
12293,0
12297,0
12300,0
12303,0
12308,0
12310,0
12317,0
12318,0
12320,0
12322,0
12327,0
12328,0
12332,0
12336,0
12338,0
12343,0
12350,0
12351,0
12353,0
12358,0
12361,0
12365,0
12367,0
12369,0
12378,0
12379,0
12389,0
12392,0
12401,0
12407,0
12408,0
12413,0
12419,0
12420,0
12422,0
12428,0
12429,0
12433,0
12437,0
12439,0
12440,0
12443,0
12444,0
12448,0
12449,0
12450,0
12454,0
12456,0
12459,0
12461,0
12462,0
12465,0
12479,0
12480,0
12487,0
12488,0
12490,0
12493,0
12497,0
12500,0
12513,0
12516,0
12519,0
12521,0
12524,0
12526,0
12528,0
12529,0
12530,0
12536,0
12537,0
12540,0
12541,0
12545,0
12549,0
12550,0
12552,0
12557,0
12558,0
12559,0
12565,0
12567,0
12569,0
12579,0
12587,0
12588,0
12595,0
12599,0
12601,0
12603,0
12604,0
12609,0
12617,0
12624,0
12625,0
12632,0
12638,0
12640,0
12644,0
12657,0
12661,0
12663,0
12666,0
12670,0
12671,0
12677,0
12678,0
12679,0
12680,0
12682,0
12685,0
12686,0
12689,0
12693,0
12694,0
12695,0
12697,0
12702,0
12703,0
12706,0
12712,0
12715,0
12716,0
12721,0
12726,0
12727,0
12728,0
12731,0
12733,0
12738,0
12741,0
12743,0
12751,0
12755,0
12757,0
12760,0
12761,0
12762,0
12764,0
12765,0
12766,0
12768,0
12769,0
12774,0
12778,0
12791,0
12799,0
12801,0
12805,0
12806,0
12807,0
12809,0
12810,0
12816,0
12817,0
12819,0
12836,0
12837,0
12838,0
12848,0
12849,0
12850,0
12853,0
12855,0
12856,0
12858,0
12864,0
12870,0
12872,0
12876,0
12877,0
12879,0
12882,0
12885,0
12887,0
12888,0
12889,0
12892,0
12893,0
12894,0
12897,0
12898,0
12899,0
12905,0
12907,0
12919,0
12924,0
12931,0
12934,0
12940,0
12944,0
12945,0
12948,0
12950,0
12955,0
12957,0
12958,0
12959,0
12964,0
12971,0
12978,0
12980,0
12981,0
12985,0
12990,0
12997,0
12998,0
13001,0
13002,0
13003,0
13004,0
13014,0
13018,0
13022,0
13032,0
13037,0
13038,0
13039,0
13045,0
13047,0
13052,0
13056,0
13058,0
13060,0
13061,0
13062,0
13064,0
13066,0
13074,0
13080,0
13084,0
13088,0
13093,0
13098,0
13101,0
13104,0
13105,0
13108,0
13109,0
13110,0
13111,0
13113,0
13114,0
13117,0
13118,0
13125,0
13128,0
13130,0
13141,0
13143,0
13144,0
13153,0
13154,0
13155,0
13157,0
13170,0
13173,0
13175,0
13177,0
13178,0
13180,0
13184,0
13186,0
13197,0
13198,0
13207,0
13211,0
13214,0
13216,0
13220,0
13222,0
13231,0
13238,0
13241,0
13242,0
13245,0
13247,0
13248,0
13250,0
13251,0
13257,0
13259,0
13260,0
13270,0
13271,0
13273,0
13278,0
13284,0
13285,0
13288,0
13289,0
13291,0
13292,0
13295,0
13296,0
13304,0
13305,0
13306,0
13307,0
13308,0
13315,0
13318,0
13329,0
13333,0
13335,0
13336,0
13349,0
13356,0
13363,0
13367,0
13369,0
13372,0
13376,0
13377,0
13380,0
13381,0
13383,0
13384,0
13394,0
13396,0
13398,0
13399,0
13400,0
13403,0
13404,0
13405,0
13406,0
13408,0
13409,0
13418,0
13419,0
13435,0
13436,0
13440,0
13445,0
13446,0
13448,0
13453,0
13454,0
13455,0
13456,0
13457,0
13460,0
13461,0
13467,0
13468,0
13469,0
13471,0
13472,0
13473,0
13474,0
13476,0
13481,0
13493,0
13496,0
13500,0
13511,0
13518,0
13521,0
13524,0
13525,0
13531,0
13536,0
13545,0
13548,0
13550,0
13557,0
13563,0
13564,0
13565,0
13569,0
13575,0
13577,0
13581,0
13584,0
13585,0
13590,0
13591,0
13599,0
13602,0
13606,0
13616,0
13621,0
13623,0
13627,0
13630,0
13631,0
13633,0
13634,0
13636,0
13638,0
13639,0
13641,0
13642,0
13643,0
13653,0
13657,0
13659,0
13664,0
13674,0
13677,0
13682,0
13683,0
13685,0
13686,0
13692,0
13694,0
13696,0
13701,0
13706,0
13709,0
13710,0
13711,0
13712,0
13717,0
13719,0
13721,0
13722,0
13726,0
13733,0
13735,0
13736,0
13741,0
13747,0
13757,0
13758,0
13759,0
13767,0
13769,0
13771,0
13785,0
13788,0
13789,0
13794,0
13796,0
13801,0
13802,0
13805,0
13809,0
13810,0
13816,0
13826,0
13829,0
13831,0
13834,0
13840,0
13841,0
13842,0
13844,0
13849,0
13850,0
13851,0
13852,0
13857,0
13859,0
13862,0
13872,0
13879,0
13880,0
13881,0
13884,0
13885,0
13887,0
13890,0
13891,0
13893,0
13894,0
13904,0
13905,0
13906,0
13907,0
13909,0
13918,0
13924,0
13927,0
13931,0
13934,0
13935,0
13937,0
13943,0
13949,0
13955,0
13958,0
13961,0
13962,0
13963,0
13967,0
13968,0
13969,0
13971,0
13976,0
13987,0
13993,0
13997,0
14001,0
14002,0
14003,0
14005,0
14009,0
14013,0
14017,0
14018,0
14022,0
14023,0
14026,0
14032,0
14033,0
14038,0
14039,0
14044,0
14045,0
14048,0
14052,0
14055,0
14056,0
14058,0
14060,0
14069,0
14071,0
14072,0
14073,0
14077,0
14085,0
14090,0
14099,0
14101,0
14102,0
14106,0
14109,0
14110,0
14111,0
14113,0
14114,0
14138,0
14142,0
14151,0
14153,0
14159,0
14160,0
14161,0
14164,0
14165,0
14168,0
14170,0
14171,0
14173,0
14175,0
14177,0
14187,0
14190,0
14191,0
14196,0
14197,0
14201,0
14202,0
14203,0
14204,0
14206,0
14207,0
14220,0
14222,0
14224,0
14225,0
14228,0
14229,0
14230,0
14231,0
14232,0
14233,0
14234,0
14238,0
14239,0
14242,0
14249,0
14250,0
14252,0
14253,0
14258,0
14261,0
14262,0
14271,0
14275,0
14276,0
14281,0
14283,0
14284,0
14285,0
14288,0
14291,0
14295,0
14298,0
14302,0
14306,0
14308,0
14309,0
14314,0
14315,0
14325,0
14326,0
14327,0
14329,0
14331,0
14335,0
14337,0
14344,0
14347,0
14350,0
14353,0
14356,0
14358,0
14361,0
14364,0
14365,0
14367,0
14375,0
14378,0
14379,0
14381,0
14383,0
14384,0
14387,0
14388,0
14390,0
14395,0
14398,0
14403,0
14408,0
14411,0
14413,0
14418,0
14420,0
14428,0
14432,0
14435,0
14437,0
14443,0
14449,0
14451,0
14454,0
14458,0
14463,0
14465,0
14466,0
14469,0
14471,0
14472,0
14478,0
14482,0
14486,0
14495,0
14502,0
14503,0
14508,0
14516,0
14519,0
14524,0
14526,0
14528,0
14533,0
14534,0
14536,0
14537,0
14540,0
14542,0
14544,0
14547,0
14548,0
14549,0
14551,0
14555,0
14558,0
14559,0
14561,0
14562,0
14565,0
14566,0
14567,0
14570,0
14573,0
14577,0
14589,0
14593,0
14601,0
14603,0
14607,0
14608,0
14609,0
14611,0
14613,0
14615,0
14617,0
14618,0
14623,0
14625,0
14629,0
14633,0
14637,0
14642,0
14644,0
14645,0
14649,0
14651,0
14654,0
14659,0
14662,0
14667,0
14671,0
14672,0
14673,0
14678,0
14681,0
14690,0
14691,0
14693,0
14696,0
14701,0
14703,0
14704,0
14707,0
14710,0
14713,0
14716,0
14719,0
14720,0
14721,0
14722,0
14725,0
14727,0
14732,0
14734,0
14735,0
14738,0
14740,0
14746,0
14747,0
14749,0
14750,0
14756,0
14761,0
14765,0
14766,0
14768,0
14769,0
14774,0
14776,0
14780,0
14781,0
14782,0
14784,0
14788,0
14795,0
14798,0
14801,0
14803,0
14804,0
14811,0
14814,0
14817,0
14820,0
14829,0
14830,0
14831,0
14835,0
14836,0
14839,0
14841,0
14842,0
14843,0
14848,0
14849,0
14850,0
14853,0
14856,0
14859,0
14860,0
14861,0
14863,0
14871,0
14873,0
14875,0
14883,0
14891,0
14895,0
14896,0
14901,0
14905,0
14907,0
14908,0
14910,0
14912,0
14913,0
14914,0
14916,0
14917,0
14929,0
14934,0
14935,0
14940,0
14942,0
14943,0
14946,0
14949,0
14950,0
14951,0
14961,0
14963,0
14965,0
14967,0
14972,0
14973,0
14974,0
14977,0
14978,0
14982,0
14983,0
14985,0
14986,0
14987,0
14988,0
14992,0
14993,0
14999,0
15000,0
15001,0
15002,0
15003,0
15006,0
15008,0
15011,0
15015,0
15016,0
15017,0
15018,0
15023,0
15024,0
15028,0
15030,0
15034,0
15038,0
15039,0
15041,0
15043,0
15053,0
15056,0
15060,0
15062,0
15064,0
15065,0
15071,0
15073,0
15074,0
15078,0
15080,0
15083,0
15084,0
15085,0
15086,0
15087,0
15090,0
15094,0
15099,0
15102,0
15103,0
15109,0
15110,0
15111,0
15112,0
15113,0
15117,0
15118,0
15121,0
15123,0
15126,0
15129,0
15130,0
15131,0
15132,0
15133,0
15136,0
15140,0
15141,0
15145,0
15146,0
15148,0
15151,0
15164,0
15167,0
15168,0
15171,0
15173,0
15174,0
15176,0
15179,0
15181,0
15183,0
15190,0
15191,0
15195,0
15196,0
15200,0
15203,0
15205,0
15208,0
15211,0
15218,0
15219,0
15222,0
15226,0
15227,0
15232,0
15234,0
15241,0
15243,0
15247,0
15251,0
15252,0
15253,0
15254,0
15255,0
15262,0
15266,0
15268,0
15269,0
15270,0
15271,0
15272,0
15276,0
15277,0
15280,0
15282,0
15283,0
15288,0
15289,0
15290,0
15298,0
15307,0
15312,0
15317,0
15323,0
15325,0
15333,0
15334,0
15346,0
15347,0
15348,0
15357,0
15359,0
15363,0
15364,0
15365,0
15371,0
15382,0
15383,0
15386,0
15387,0
15388,0
15392,0
15396,0
15402,0
15403,0
15406,0
15409,0
15412,0
15417,0
15421,0
15425,0
15427,0
15433,0
15435,0
15439,0
15440,0
15441,0
15444,0
15446,0
15450,0
15457,0
15461,0
15462,0
15464,0
15470,0
15473,0
15474,0
15479,0
15480,0
15481,0
15486,0
15487,0
15489,0
15493,0
15494,0
15496,0
15497,0
15498,0
15500,0
15501,0
15505,0
15506,0
15511,0
15512,0
15528,0
15536,0
15538,0
15539,0
15542,0
15544,0
15546,0
15547,0
15550,0
15553,0
15555,0
15561,0
15562,0
15565,0
15567,0
15570,0
15574,0
15579,0
15592,0
15596,0
15601,0
15604,0
15606,0
15607,0
15612,0
15621,0
15624,0
15625,0
15633,0
15635,0
15640,0
15645,0
15646,0
15647,0
15652,0
15657,0
15658,0
15659,0
15667,0
15671,0
15672,0
15681,0
15683,0
15685,0
15687,0
15689,0
15690,0
15694,0
15700,0
15701,0
15704,0
15708,0
15709,0
15715,0
15716,0
15722,0
15725,0
15729,0
15730,0
15733,0
15734,0
15736,0
15738,0
15745,0
15746,0
15747,0
15752,0
15757,0
15759,0
15769,0
15771,0
15777,0
15779,0
15780,0
15782,0
15788,0
15790,0
15791,0
15796,0
15798,0
15801,0
15808,0
15809,0
15816,0
15820,0
15823,0
15825,0
15826,0
15830,0
15838,0
15840,0
15841,0
15842,0
15846,0
15847,0
15854,0
15859,0
15866,0
15870,0
15884,0
15885,0
15888,0
15890,0
15894,0
15895,0
15897,0
15900,0
15908,0
15909,0
15913,0
15914,0
15916,0
15926,0
15927,0
15930,0
15939,0
15940,0
15941,0
15942,0
15948,0
15949,0
15953,0
15954,0
15957,0
15963,0
15967,0
15970,0
15971,0
15974,0
15975,0
15979,0
15982,0
15991,0
15996,0
16000,0
16002,0
16005,0
16008,0
16012,0
16018,0
16022,0
16027,0
16033,0
16041,0
16043,0
16053,0
16056,0
16064,0
16066,0
16067,0
16074,0
16077,0
16078,0
16086,0
16088,0
16097,0
16098,0
16110,0
16111,0
16115,0
16121,0
16124,0
16126,0
16129,0
16133,0
16140,0
16142,0
16151,0
16154,0
16155,0
16158,0
16159,0
16160,0
16163,0
16168,0
16172,0
16173,0
16174,0
16176,0
16177,0
16178,0
16183,0
16188,0
16190,0
16196,0
16203,0
16207,0
16209,0
16211,0
16213,0
16214,0
16220,0
16221,0
16224,0
16225,0
16226,0
16229,0
16230,0
16231,0
16235,0
16243,0
16244,0
16246,0
16252,0
16253,0
16254,0
16258,0
16263,0
16271,0
16272,0
16276,0
16278,0
16280,0
16292,0
16294,0
16298,0
16299,0
16308,0
16326,0
16328,0
16332,0
16337,0
16338,0
16342,0
16343,0
16348,0
16353,0
16355,0
16358,0
16359,0
16362,0
16367,0
16382,0
16387,0
16388,0
16394,0
16398,0
16402,0
16409,0
16410,0
16411,0
16412,0
16413,0
16418,0
16423,0
16426,0
16430,0
16433,0
16434,0
16438,0
16441,0
16443,0
16445,0
16447,0
16449,0
16453,0
16457,0
16459,0
16467,0
16468,0
16471,0
16472,0
16475,0
16477,0
16484,0
16487,0
16489,0
16491,0
16492,0
16495,0
16498,0
16502,0
16508,0
16509,0
16512,0
16513,0
16517,0
16527,0
16529,0
16531,0
16532,0
16543,0
16548,0
16550,0
16551,0
16552,0
16557,0
16559,0
16560,0
16562,0
16563,0
16564,0
16571,0
16581,0
16585,0
16587,0
16589,0
16595,0
16599,0
16602,0
16604,0
16605,0
16607,0
16608,0
16614,0
16616,0
16620,0
16624,0
16628,0
16631,0
16632,0
16638,0
16644,0
16645,0
16658,0
16661,0
16664,0
16669,0
16671,0
16672,0
16674,0
16678,0
16681,0
16683,0
16690,0
16692,0
16693,0
16696,0
16698,0
16700,0
16703,0
16705,0
16706,0
16710,0
16712,0
16722,0
16732,0
16733,0
16739,0
16741,0
16746,0
16747,0
16749,0
16751,0
16752,0
16753,0
16755,0
16756,0
16758,0
16759,0
16761,0
16762,0
16770,0
16772,0
16774,0
16775,0
16779,0
16782,0
16783,0
16786,0
16793,0
16796,0
16798,0
16803,0
16807,0
16809,0
16823,0
16824,0
16833,0
16836,0
16842,0
16847,0
16849,0
16851,0
16853,0
16863,0
16865,0
16867,0
16868,0
16870,0
16871,0
16876,0
16879,0
16880,0
16881,0
16882,0
16885,0
16887,0
16890,0
16894,0
16897,0
16905,0
16906,0
16912,0
16917,0
16918,0
16921,0
16928,0
16934,0
16941,0
16944,0
16949,0
16950,0
16952,0
16953,0
16957,0
16963,0
16964,0
16965,0
16973,0
16978,0
16981,0
16982,0
16984,0
16985,0
16993,0
17000,0
17001,0
17002,0
17004,0
17011,0
17014,0
17025,0
17027,0
17029,0
17031,0
17036,0
17038,0
17045,0
17051,0
17056,0
17057,0
17058,0
17060,0
17063,0
17071,0
17075,0
17082,0
17083,0
17084,0
17085,0
17091,0
17092,0
17093,0
17095,0
17098,0
17101,0
17102,0
17105,0
17109,0
17113,0
17122,0
17125,0
17127,0
17128,0
17129,0
17130,0
17133,0
17136,0
17137,0
17139,0
17140,0
17142,0
17145,0
17146,0
17154,0
17158,0
17167,0
17177,0
17178,0
17181,0
17183,0
17189,0
17192,0
17194,0
17200,0
17201,0
17203,0
17209,0
17210,0
17212,0
17218,0
17221,0
17222,0
17228,0
17239,0
17241,0
17243,0
17247,0
17251,0
17255,0
17257,0
17258,0
17260,0
17261,0
17266,0
17272,0
17279,0
17280,0
17281,0
17283,0
17285,0
17289,0
17290,0
17294,0
17296,0
17297,0
17305,0
17307,0
17312,0
17315,0
17318,0
17319,0
17337,0
17341,0
17343,0
17344,0
17350,0
17352,0
17356,0
17358,0
17362,0
17364,0
17365,0
17370,0
17378,0
17383,0
17385,0
17387,0
17388,0
17389,0
17390,0
17396,0
17398,0
17400,0
17402,0
17406,0
17407,0
17410,0
17414,0
17420,0
17430,0
17435,0
17436,0
17438,0
17443,0
17446,0
17447,0
17452,0
17457,0
17460,0
17468,0
17470,0
17473,0
17478,0
17482,0
17483,0
17487,0
17488,0
17489,0
17493,0
17496,0
17502,0
17504,0
17506,0
17510,0
17512,0
17516,0
17517,0
17519,0
17520,0
17527,0
17529,0
17534,0
17536,0
17537,0
17539,0
17541,0
17543,0
17547,0
17556,0
17562,0
17565,0
17570,0
17579,0
17585,0
17588,0
17591,0
17593,0
17599,0
17607,0
17609,0
17610,0
17611,0
17612,0
17613,0
17620,0
17621,0
17624,0
17626,0
17629,0
17632,0
17633,0
17635,0
17638,0
17641,0
17642,0
17644,0
17645,0
17655,0
17656,0
17657,0
17663,0
17674,0
17679,0
17682,0
17683,0
17687,0
17689,0
17692,0
17694,0
17700,0
17705,0
17710,0
17719,0
17722,0
17723,0
17726,0
17728,0
17733,0
17734,0
17735,0
17738,0
17741,0
17743,0
17745,0
17746,0
17749,0
17751,0
17753,0
17754,0
17764,0
17768,0
17770,0
17772,0
17774,0
17776,0
17777,0
17779,0
17782,0
17786,0
17791,0
17792,0
17793,0
17798,0
17799,0
17801,0
17805,0
17808,0
17812,0
17814,0
17818,0
17821,0
17825,0
17826,0
17834,0
17843,0
17849,0
17852,0
17869,0
17875,0
17877,0
17880,0
17885,0
17890,0
17891,0
17902,0
17921,0
17923,0
17926,0
17930,0
17931,0
17935,0
17936,0
17940,0
17945,0
17956,0
17958,0
17961,0
17964,0
17969,0
17979,0
17980,0
17983,0
17985,0
17986,0
17987,0
17995,0
18000,0
18009,0
18010,0
18012,0
18013,0
18015,0
18020,0
18025,0
18029,0
18034,0
18036,0
18039,0
18042,0
18044,0
18046,0
18049,0
18050,0
18054,0
18056,0
18066,0
18068,0
18071,0
18076,0
18086,0
18088,0
18090,0
18095,0
18098,0
18109,0
18111,0
18123,0
18129,0
18133,0
18134,0
18135,0
18136,0
18148,0
18154,0
18158,0
18159,0
18161,0
18167,0
18169,0
18170,0
18171,0
18172,0
18177,0
18181,0
18186,0
18187,0
18188,0
18195,0
18199,0
18203,0
18208,0
18209,0
18221,0
18222,0
18223,0
18225,0
18229,0
18234,0
18235,0
18247,0
18250,0
18251,0
18255,0
18260,0
18268,0
18269,0
18274,0
18276,0
18282,0
18283,0
18284,0
18285,0
18287,0
18288,0
18291,0
18296,0
18298,0
18301,0
18304,0
18308,0
18309,0
18312,0
18313,0
18317,0
18321,0
18325,0
18330,0
18333,0
18334,0
18338,0
18346,0
18348,0
18350,0
18353,0
18354,0
18356,0
18357,0
18358,0
18359,0
18360,0
18361,0
18363,0
18368,0
18369,0
18370,0
18371,0
18373,0
18376,0
18378,0
18386,0
18391,0
18392,0
18397,0
18401,0
18403,0
18404,0
18407,0
18410,0
18415,0
18418,0
18424,0
18425,0
18426,0
18431,0
18432,0
18437,0
18439,0
18441,0
18443,0
18446,0
18450,0
18451,0
18453,0
18454,0
18456,0
18457,0
18470,0
18472,0
18476,0
18480,0
18482,0
18485,0
18486,0
18491,0
18492,0
18495,0
18496,0
18498,0
18502,0
18505,0
18509,0
18511,0
18512,0
18513,0
18521,0
18522,0
18524,0
18527,0
18530,0
18533,0
18535,0
18539,0
18541,0
18543,0
18549,0
18551,0
18557,0
18559,0
18563,0
18569,0
18574,0
18575,0
18581,0
18584,0
18588,0
18589,0
18590,0
18592,0
18596,0
18599,0
18602,0
18605,0
18609,0
18610,0
18614,0
18624,0
18626,0
18628,0
18632,0
18636,0
18639,0
18644,0
18652,0
18662,0
18668,0
18671,0
18675,0
18678,0
18681,0
18683,0
18695,0
18696,0
18697,0
18699,0
18700,0
18703,0
18704,0
18705,0
18710,0
18716,0
18717,0
18718,0
18720,0
18725,0
18730,0
18731,0
18738,0
18743,0
18748,0
18753,0
18754,0
18755,0
18756,0
18761,0
18763,0
18765,0
18770,0
18771,0
18775,0
18779,0
18781,0
18785,0
18786,0
18787,0
18789,0
18790,0
18791,0
18794,0
18802,0
18803,0
18805,0
18808,0
18809,0
18815,0
18816,0
18819,0
18823,0
18824,0
18832,0
18833,0
18834,0
18837,0
18838,0
18839,0
18841,0
18843,0
18847,0
18849,0
18855,0
18859,0
18862,0
18863,0
18868,0
18875,0
18876,0
18880,0
18885,0
18888,0
18890,0
18891,0
18892,0
18894,0
18896,0
18903,0
18904,0
18911,0
18912,0
18915,0
18916,0
18920,0
18927,0
18929,0
18935,0
18936,0
18940,0
18944,0
18946,0
18955,0
18957,0
18972,0
18973,0
18978,0
18984,0
18989,0
18991,0
18993,0
18994,0
18995,0
18996,0
19000,0
19001,0
19004,0
19009,0
19010,0
19015,0
19016,0
19017,0
19019,0
19032,0
19045,0
19046,0
19047,0
19052,0
19054,0
19060,0
19061,0
19062,0
19064,0
19065,0
19070,0
19071,0
19073,0
19076,0
19077,0
19080,0
19082,0
19085,0
19087,0
19090,0
19091,0
19093,0
19094,0
19101,0
19103,0
19106,0
19107,0
19111,0
19113,0
19118,0
19120,0
19121,0
19125,0
19127,0
19132,0
19134,0
19138,0
19139,0
19141,0
19142,0
19145,0
19146,0
19150,0
19156,0
19162,0
19167,0
19168,0
19171,0
19173,0
19175,0
19176,0
19180,0
19182,0
19183,0
19184,0
19191,0
19200,0
19202,0
19207,0
19210,0
19213,0
19214,0
19215,0
19224,0
19225,0
19231,0
19235,0
19240,0
19241,0
19242,0
19244,0
19246,0
19257,0
19259,0
19260,0
19262,0
19266,0
19267,0
19272,0
19274,0
19277,0
19286,0
19287,0
19288,0
19290,0
19296,0
19297,0
19300,0
19301,0
19305,0
19307,0
19308,0
19309,0
19310,0
19312,0
19313,0
19314,0
19322,0
19325,0
19327,0
19333,0
19340,0
19341,0
19350,0
19351,0
19352,0
19354,0
19357,0
19359,0
19360,0
19363,0
19366,0
19370,0
19373,0
19374,0
19375,0
19380,0
19383,0
19386,0
19388,0
19389,0
19394,0
19396,0
19404,0
19418,0
19421,0
19428,0
19448,0
19450,0
19451,0
19454,0
19456,0
19459,0
19461,0
19464,0
19467,0
19470,0
19472,0
19477,0
19480,0
19482,0
19483,0
19485,0
19488,0
19489,0
19501,0
19503,0
19504,0
19505,0
19506,0
19507,0
19508,0
19512,0
19515,0
19517,0
19523,0
19524,0
19532,0
19539,0
19543,0
19545,0
19547,0
19548,0
19551,0
19553,0
19554,0
19556,0
19561,0
19564,0
19566,0
19572,0
19576,0
19577,0
19578,0
19582,0
19589,0
19594,0
19595,0
19596,0
19597,0
19598,0
19599,0
19600,0
19601,0
19604,0
19611,0
19613,0
19615,0
19616,0
19618,0
19619,0
19623,0
19626,0
19629,0
19631,0
19634,0
19637,0
19644,0
19648,0
19651,0
19655,0
19656,0
19658,0
19659,0
19664,0
19666,0
19673,0
19684,0
19687,0
19688,0
19689,0
19691,0
19695,0
19702,0
19708,0
19711,0
19712,0
19713,0
19718,0
19730,0
19732,0
19735,0
19737,0
19740,0
19742,0
19744,0
19749,0
19752,0
19754,0
19755,0
19756,0
19760,0
19761,0
19764,0
19767,0
19770,0
19771,0
19777,0
19780,0
19782,0
19783,0
19795,0
19799,0
19806,0
19809,0
19816,0
19818,0
19819,0
19821,0
19823,0
19826,0
19830,0
19831,0
19842,0
19848,0
19849,0
19850,0
19852,0
19855,0
19859,0
19860,0
19863,0
19864,0
19865,0
19873,0
19875,0
19880,0
19893,0
19894,0
19896,0
19897,0
19900,0
19903,0
19905,0
19913,0
19918,0
19922,0
19928,0
19932,0
19933,0
19934,0
19937,0
19941,0
19942,0
19943,0
19944,0
19945,0
19950,0
19951,0
19954,0
19955,0
19956,0
19958,0
19961,0
19963,0
19965,0
19966,0
19976,0
19979,0
19983,0
19993,0
19995,0
19998,0
20002,0
20003,0
20006,0
20007,0
20011,0
20014,0
20015,0
20016,0
20017,0
20020,0
20026,0
20027,0
20030,0
20033,0
20034,0
20036,0
20041,0
20044,0
20045,0
20046,0
20051,0
20053,0
20056,0
20061,0
20066,0
20074,0
20077,0
20084,0
20087,0
20090,0
20095,0
20099,0
20104,0
20105,0
20107,0
20109,0
20110,0
20112,0
20115,0
20123,0
20130,0
20132,0
20134,0
20137,0
20140,0
20141,0
20143,0
20144,0
20145,0
20151,0
20152,0
20154,0
20156,0
20158,0
20161,0
20164,0
20166,0
20168,0
20169,0
20179,0
20180,0
20185,0
20186,0
20188,0
20189,0
20193,0
20200,0
20206,0
20208,0
20211,0
20218,0
20223,0
20227,0
20228,0
20232,0
20241,0
20247,0
20248,0
20249,0
20254,0
20255,0
20258,0
20260,0
20261,0
20265,0
20267,0
20268,0
20272,0
20278,0
20281,0
20287,0
20290,0
20295,0
20301,0
20302,0
20303,0
20305,0
20308,0
20309,0
20313,0
20318,0
20320,0
20324,0
20325,0
20326,0
20328,0
20334,0
20336,0
20346,0
20349,0
20350,0
20353,0
20359,0
20361,0
20364,0
20365,0
20374,0
20375,0
20379,0
20386,0
20387,0
20388,0
20397,0
20398,0
20401,0
20402,0
20406,0
20408,0
20409,0
20411,0
20414,0
20421,0
20422,0
20424,0
20425,0
20430,0
20431,0
20433,0
20434,0
20435,0
20438,0
20441,0
20446,0
20447,0
20464,0
20467,0
20469,0
20473,0
20479,0
20487,0
20489,0
20490,0
20504,0
20509,0
20515,0
20517,0
20520,0
20527,0
20531,0
20534,0
20537,0
20541,0
20544,0
20545,0
20549,0
20555,0
20556,0
20558,0
20563,0
20564,0
20566,0
20574,0
20582,0
20586,0
20591,0
20594,0
20596,0
20600,0
20618,0
20620,0
20622,0
20624,0
20628,0
20632,0
20635,0
20636,0
20637,0
20638,0
20641,0
20642,0
20643,0
20648,0
20650,0
20651,0
20652,0
20654,0
20656,0
20659,0
20660,0
20661,0
20676,0
20678,0
20682,0
20690,0
20691,0
20695,0
20697,0
20702,0
20709,0
20710,0
20711,0
20715,0
20722,0
20729,0
20730,0
20733,0
20734,0
20738,0
20739,0
20741,0
20742,0
20748,0
20752,0
20758,0
20759,0
20765,0
20766,0
20769,0
20783,0
20787,0
20794,0
20798,0
20802,0
20803,0
20805,0
20807,0
20816,0
20825,0
20826,0
20829,0
20830,0
20832,0
20835,0
20845,0
20847,0
20849,0
20851,0
20852,0
20854,0
20857,0
20858,0
20859,0
20860,0
20864,0
20866,0
20871,0
20879,0
20881,0
20883,0
20884,0
20887,0
20896,0
20897,0
20901,0
20902,0
20903,0
20904,0
20912,0
20917,0
20922,0
20923,0
20925,0
20934,0
20937,0
20938,0
20941,0
20947,0
20950,0
20957,0
20959,0
20961,0
20962,0
20966,0
20971,0
20973,0
20974,0
20975,0
20976,0
20977,0
20981,0
20985,0
20987,0
20998,0
21006,0
21007,0
21010,0
21012,0
21019,0
21021,0
21024,0
21025,0
21029,0
21030,0
21032,0
21033,0
21052,0
21054,0
21055,0
21057,0
21059,0
21065,0
21070,0
21074,0
21076,0
21077,0
21078,0
21079,0
21082,0
21087,0
21093,0
21096,0
21098,0
21099,0
21102,0
21107,0
21108,0
21110,0
21114,0
21115,0
21119,0
21121,0
21123,0
21124,0
21134,0
21137,0
21144,0
21149,0
21160,0
21165,0
21167,0
21171,0
21177,0
21185,0
21189,0
21191,0
21192,0
21194,0
21200,0
21204,0
21209,0
21211,0
21212,0
21220,0
21221,0
21222,0
21223,0
21225,0
21227,0
21230,0
21232,0
21233,0
21234,0
21236,0
21238,0
21251,0
21252,0
21258,0
21261,0
21263,0
21264,0
21274,0
21280,0
21288,0
21289,0
21290,0
21291,0
21292,0
21299,0
21301,0
21307,0
21308,0
21312,0
21315,0
21318,0
21320,0
21322,0
21325,0
21336,0
21337,0
21345,0
21349,0
21350,0
21358,0
21359,0
21360,0
21361,0
21364,0
21367,0
21369,0
21371,0
21378,0
21382,0
21385,0
21388,0
21390,0
21392,0
21393,0
21396,0
21397,0
21401,0
21404,0
21407,0
21413,0
21416,0
21420,0
21422,0
21423,0
21424,0
21427,0
21433,0
21435,0
21438,0
21445,0
21452,0
21454,0
21461,0
21462,0
21463,0
21466,0
21472,0
21475,0
21480,0
21481,0
21485,0
21487,0
21492,0
21494,0
21495,0
21501,0
21507,0
21516,0
21522,0
21527,0
21529,0
21534,0
21539,0
21542,0
21543,0
21552,0
21560,0
21562,0
21564,0
21567,0
21575,0
21577,0
21580,0
21582,0
21584,0
21587,0
21591,0
21592,0
21596,0
21598,0
21600,0
21601,0
21604,0
21607,0
21609,0
21613,0
21618,0
21620,0
21621,0
21627,0
21629,0
21630,0
21631,0
21637,0
21645,0
21651,0
21653,0
21656,0
21668,0
21670,0
21675,0
21676,0
21677,0
21680,0
21681,0
21684,0
21691,0
21697,0
21699,0
21700,0
21701,0
21702,0
21705,0
21706,0
21707,0
21708,0
21711,0
21715,0
21721,0
21736,0
21738,0
21739,0
21741,0
21744,0
21745,0
21746,0
21747,0
21754,0
21755,0
21757,0
21761,0
21763,0
21765,0
21767,0
21769,0
21776,0
21777,0
21778,0
21786,0
21788,0
21792,0
21793,0
21795,0
21796,0
21797,0
21799,0
21800,0
21804,0
21812,0
21818,0
21823,0
21824,0
21829,0
21831,0
21833,0
21836,0
21838,0
21840,0
21846,0
21847,0
21850,0
21852,0
21856,0
21858,0
21861,0
21862,0
21866,0
21879,0
21880,0
21882,0
21885,0
21887,0
21891,0
21892,0
21896,0
21897,0
21898,0
21900,0
21902,0
21903,0
21906,0
21909,0
21910,0
21919,0
21922,0
21926,0
21928,0
21929,0
21935,0
21943,0
21944,0
21954,0
21956,0
21961,0
21962,0
21971,0
21972,0
21977,0
21980,0
21981,0
21982,0
21983,0
21987,0
21988,0
21989,0
21992,0
21995,0
21998,0
22000,0
22002,0
22006,0
22008,0
22009,0
22011,0
22014,0
22016,0
22017,0
22018,0
22019,0
22021,0
22022,0
22028,0
22029,0
22030,0
22033,0
22034,0
22036,0
22039,0
22040,0
22047,0
22049,0
22052,0
22057,0
22062,0
22079,0
22080,0
22082,0
22083,0
22085,0
22090,0
22091,0
22092,0
22100,0
22102,0
22103,0
22108,0
22113,0
22116,0
22123,0
22124,0
22134,0
22138,0
22140,0
22142,0
22145,0
22147,0
22151,0
22154,0
22155,0
22159,0
22161,0
22162,0
22164,0
22168,0
22175,0
22176,0
22177,0
22179,0
22183,0
22186,0
22188,0
22190,0
22195,0
22196,0
22198,0
22201,0
22207,0
22211,0
22216,0
22219,0
22220,0
22223,0
22226,0
22228,0
22230,0
22232,0
22233,0
22237,0
22241,0
22242,0
22244,0
22245,0
22249,0
22250,0
22251,0
22253,0
22255,0
22256,0
22259,0
22262,0
22263,0
22272,0
22274,0
22276,0
22277,0
22278,0
22280,0
22298,0
22299,0
22300,0
22308,0
22311,0
22312,0
22315,0
22325,0
22332,0
22334,0
22342,0
22347,0
22349,0
22350,0
22351,0
22356,0
22357,0
22368,0
22369,0
22370,0
22371,0
22372,0
22375,0
22376,0
22380,0
22381,0
22382,0
22383,0
22386,0
22388,0
22394,0
22399,0
22402,0
22406,0
22407,0
22408,0
22409,0
22410,0
22414,0
22421,0
22422,0
22426,0
22428,0
22430,0
22434,0
22435,0
22436,0
22444,0
22446,0
22448,0
22450,0
22452,0
22454,0
22455,0
22457,0
22462,0
22468,0
22470,0
22471,0
22472,0
22476,0
22477,0
22478,0
22479,0
22481,0
22483,0
22489,0
22491,0
22494,0
22495,0
22500,0
22502,0
22506,0
22507,0
22509,0
22511,0
22512,0
22513,0
22519,0
22520,0
22522,0
22523,0
22526,0
22529,0
22530,0
22531,0
22533,0
22537,0
22543,0
22549,0
22554,0
22555,0
22556,0
22557,0
22562,0
22564,0
22565,0
22569,0
22572,0
22590,0
22591,0
22592,0
22596,0
22598,0
22602,0
22604,0
22605,0
22606,0
22609,0
22610,0
22614,0
22615,0
22616,0
22620,0
22622,0
22628,0
22642,0
22646,0
22649,0
22656,0
22662,0
22664,0
22669,0
22671,0
22675,0
22681,0
22682,0
22686,0
22689,0
22690,0
22691,0
22694,0
22696,0
22697,0
22699,0
22701,0
22702,0
22706,0
22707,0
22714,0
22716,0
22717,0
22719,0
22722,0
22728,0
22729,0
22732,0
22734,0
22741,0
22748,0
22751,0
22760,0
22762,0
22766,0
22768,0
22771,0
22772,0
22774,0
22775,0
22780,0
22784,0
22785,0
22787,0
22810,0
22818,0
22820,0
22824,0
22833,0
22835,0
22838,0
22845,0
22846,0
22848,0
22849,0
22850,0
22852,0
22862,0
22867,0
22868,0
22874,0
22875,0
22876,0
22880,0
22885,0
22886,0
22889,0
22900,0
22905,0
22909,0
22914,0
22920,0
22937,0
22942,0
22945,0
22948,0
22949,0
22951,0
22954,0
22959,0
22961,0
22963,0
22965,0
22967,0
22968,0
22969,0
22970,0
22971,0
22972,0
22973,0
22975,0
22976,0
22977,0
22979,0
22981,0
22982,0
22985,0
22989,0
22995,0
22996,0
22997,0
22998,0
22999,0
23000,0
23004,0
23008,0
23010,0
23012,0
23014,0
23019,0
23020,0
23021,0
23022,0
23026,0
23027,0
23028,0
23029,0
23031,0
23035,0
23041,0
23047,0
23050,0
23056,0
23057,0
23061,0
23062,0
23068,0
23069,0
23072,0
23073,0
23075,0
23076,0
23079,0
23080,0
23083,0
23089,0
23093,0
23095,0
23102,0
23103,0
23106,0
23109,0
23112,0
23115,0
23120,0
23122,0
23123,0
23124,0
23125,0
23127,0
23135,0
23144,0
23147,0
23150,0
23153,0
23155,0
23160,0
23162,0
23164,0
23165,0
23171,0
23173,0
23181,0
23186,0
23187,0
23188,0
23190,0
23191,0
23202,0
23206,0
23213,0
23216,0
23223,0
23225,0
23228,0
23233,0
23235,0
23250,0
23256,0
23260,0
23266,0
23270,0
23272,0
23275,0
23276,0
23284,0
23290,0
23296,0
23304,0
23312,0
23326,0
23329,0
23331,0
23336,0
23339,0
23345,0
23347,0
23350,0
23356,0
23362,0
23367,0
23368,0
23371,0
23372,0
23378,0
23384,0
23385,0
23387,0
23389,0
23394,0
23396,0
23402,0
23404,0
23410,0
23411,0
23415,0
23419,0
23422,0
23424,0
23427,0
23428,0
23432,0
23433,0
23438,0
23444,0
23452,0
23454,0
23456,0
23459,0
23460,0
23467,0
23469,0
23470,0
23472,0
23478,0
23483,0
23488,0
23491,0
23492,0
23500,0
23505,0
23508,0
23510,0
23511,0
23515,0
23518,0
23520,0
23523,0
23524,0
23525,0
23535,0
23537,0
23540,0
23541,0
23544,0
23546,0
23551,0
23556,0
23561,0
23564,0
23566,0
23567,0
23576,0
23580,0
23583,0
23587,0
23588,0
23598,0
23599,0
23606,0
23609,0
23619,0
23630,0
23631,0
23634,0
23636,0
23637,0
23638,0
23641,0
23646,0
23648,0
23665,0
23671,0
23676,0
23678,0
23681,0
23683,0
23684,0
23688,0
23690,0
23697,0
23699,0
23702,0
23703,0
23709,0
23711,0
23712,0
23714,0
23716,0
23717,0
23720,0
23721,0
23724,0
23725,0
23730,0
23731,0
23735,0
23740,0
23753,0
23754,0
23758,0
23760,0
23764,0
23768,0
23771,0
23772,0
23774,0
23777,0
23781,0
23782,0
23783,0
23784,0
23785,0
23788,0
23796,0
23797,0
23805,0
23807,0
23809,0
23811,0
23814,0
23825,0
23827,0
23829,0
23830,0
23837,0
23843,0
23846,0
23847,0
23853,0
23855,0
23861,0
23863,0
23865,0
23866,0
23867,0
23869,0
23872,0
23874,0
23876,0
23883,0
23886,0
23889,0
23892,0
23893,0
23896,0
23899,0
23900,0
23906,0
23909,0
23910,0
23912,0
23921,0
23932,0
23934,0
23938,0
23942,0
23944,0
23946,0
23948,0
23950,0
23961,0
23963,0
23967,0
23975,0
23980,0
23983,0
23991,0
23992,0
23994,0
23998,0
24005,0
24007,0
24011,0
24014,0
24015,0
24017,0
24019,0
24020,0
24022,0
24023,0
24024,0
24028,0
24031,0
24033,0
24034,0
24035,0
24040,0
24042,0
24051,0
24053,0
24056,0
24060,0
24063,0
24067,0
24069,0
24076,0
24078,0
24079,0
24081,0
24086,0
24087,0
24089,0
24090,0
24091,0
24092,0
24104,0
24106,0
24107,0
24112,0
24113,0
24115,0
24119,0
24122,0
24125,0
24126,0
24129,0
24132,0
24135,0
24136,0
24137,0
24138,0
24139,0
24140,0
24143,0
24144,0
24146,0
24152,0
24153,0
24156,0
24157,0
24159,0
24163,0
24164,0
24169,0
24170,0
24179,0
24182,0
24183,0
24186,0
24188,0
24192,0
24193,0
24194,0
24198,0
24199,0
24206,0
24207,0
24209,0
24214,0
24216,0
24218,0
24220,0
24221,0
24228,0
24230,0
24236,0
24238,0
24243,0
24244,0
24246,0
24247,0
24250,0
24253,0
24257,0
24258,0
24261,0
24270,0
24277,0
24279,0
24280,0
24281,0
24286,0
24289,0
24295,0
24296,0
24299,0
24306,0
24308,0
24312,0
24317,0
24318,0
24319,0
24322,0
24327,0
24328,0
24331,0
24339,0
24343,0
24345,0
24350,0
24351,0
24354,0
24364,0
24369,0
24370,0
24373,0
24377,0
24378,0
24383,0
24391,0
24392,0
24394,0
24397,0
24398,0
24399,0
24401,0
24407,0
24409,0
24413,0
24414,0
24418,0
24419,0
24420,0
24422,0
24429,0
24435,0
24436,0
24441,0
24443,0
24444,0
24445,0
24450,0
24451,0
24462,0
24463,0
24474,0
24475,0
24479,0
24481,0
24482,0
24487,0
24489,0
24493,0
24494,0
24496,0
24497,0
24499,0
24503,0
24510,0
24511,0
24512,0
24517,0
24518,0
24521,0
24523,0
24529,0
24533,0
24537,0
24538,0
24543,0
24546,0
24547,0
24550,0
24558,0
24562,0
24563,0
24564,0
24568,0
24571,0
24580,0
24594,0
24597,0
24600,0
24603,0
24606,0
24607,0
24608,0
24609,0
24611,0
24615,0
24622,0
24623,0
24633,0
24645,0
24653,0
24654,0
24656,0
24657,0
24666,0
24668,0
24669,0
24672,0
24674,0
24675,0
24677,0
24679,0
24686,0
24688,0
24690,0
24693,0
24695,0
24699,0
24700,0
24706,0
24707,0
24710,0
24712,0
24713,0
24714,0
24719,0
24721,0
24722,0
24723,0
24729,0
24730,0
24731,0
24733,0
24734,0
24735,0
24741,0
24742,0
24743,0
24747,0
24748,0
24750,0
24753,0
24775,0
24784,0
24785,0
24787,0
24788,0
24794,0
24800,0
24803,0
24805,0
24808,0
24813,0
24815,0
24818,0
24821,0
24826,0
24827,0
24830,0
24832,0
24839,0
24849,0
24851,0
24855,0
24858,0
24869,0
24873,0
24876,0
24881,0
24885,0
24889,0
24896,0
24898,0
24899,0
24901,0
24904,0
24907,0
24909,0
24911,0
24912,0
24915,0
24919,0
24929,0
24930,0
24932,0
24936,0
24939,0
24944,0
24945,0
24949,0
24951,0
24952,0
24954,0
24955,0
24958,0
24961,0
24962,0
24963,0
24965,0
24970,0
24972,0
24975,0
24982,0
24984,0
24987,0
24989,0
24991,0
24992,0
24994,0
25000,0
25007,0
25009,0
25010,0
25012,0
25013,0
25015,0
25016,0
25017,0
25021,0
25024,0
25026,0
25028,0
25032,0
25034,0
25037,0
25038,0
25043,0
25044,0
25045,0
25057,0
25058,0
25060,0
25064,0
25073,0
25084,0
25086,0
25090,0
25091,0
25093,0
25096,0
25098,0
25099,0
25101,0
25109,0
25111,0
25118,0
25119,0
25122,0
25127,0
25129,0
25133,0
25135,0
25142,0
25145,0
25148,0
25153,0
25164,0
25165,0
25173,0
25175,0
25182,0
25184,0
25188,0
25194,0
25196,0
25197,0
25200,0
25206,0
25220,0
25226,0
25227,0
25235,0
25238,0
25242,0
25243,0
25244,0
25246,0
25249,0
25257,0
25263,0
25266,0
25267,0
25268,0
25270,0
25271,0
25274,0
25277,0
25280,0
25290,0
25293,0
25296,0
25299,0
25300,0
25307,0
25309,0
25310,0
25311,0
25316,0
25321,0
25324,0
25325,0
25326,0
25328,0
25330,0
25334,0
25335,0
25336,0
25338,0
25342,0
25347,0
25350,0
25353,0
25354,0
25357,0
25359,0
25362,0
25363,0
25367,0
25370,0
25371,0
25378,0
25379,0
25380,0
25393,0
25394,0
25395,0
25396,0
25398,0
25399,0
25401,0
25405,0
25408,0
25413,0
25415,0
25420,0
25422,0
25426,0
25427,0
25428,0
25430,0
25433,0
25436,0
25438,0
25447,0
25462,0
25463,0
25466,0
25469,0
25472,0
25478,0
25484,0
25492,0
25496,0
25497,0
25502,0
25504,0
25506,0
25512,0
25517,0
25534,0
25535,0
25537,0
25551,0
25554,0
25559,0
25564,0
25568,0
25574,0
25576,0
25579,0
25580,0
25584,0
25586,0
25589,0
25599,0
25604,0
25607,0
25613,0
25615,0
25617,0
25618,0
25619,0
25622,0
25623,0
25625,0
25626,0
25629,0
25634,0
25635,0
25638,0
25639,0
25643,0
25645,0
25646,0
25654,0
25658,0
25664,0
25666,0
25667,0
25670,0
25671,0
25674,0
25680,0
25682,0
25686,0
25691,0
25698,0
25701,0
25702,0
25705,0
25708,0
25709,0
25710,0
25711,0
25713,0
25718,0
25722,0
25723,0
25726,0
25727,0
25728,0
25732,0
25737,0
25738,0
25739,0
25745,0
25747,0
25749,0
25758,0
25762,0
25764,0
25771,0
25775,0
25776,0
25783,0
25788,0
25796,0
25799,0
25808,0
25812,0
25815,0
25818,0
25819,0
25832,0
25835,0
25842,0
25847,0
25859,0
25863,0
25864,0
25867,0
25868,0
25872,0
25875,0
25878,0
25880,0
25881,0
25882,0
25890,0
25895,0
25900,0
25904,0
25906,0
25910,0
25915,0
25920,0
25921,0
25925,0
25934,0
25940,0
25946,0
25948,0
25949,0
25954,0
25955,0
25959,0
25962,0
25968,0
25971,0
25975,0
25980,0
25984,0
25987,0
25991,0
25992,0
25993,0
25997,0
25998,0
25999,0
26000,0
26003,0
26008,0
26014,0
26015,0
26018,0
26020,0
26028,0
26032,0
26033,0
26034,0
26035,0
26036,0
26037,0
26044,0
26049,0
26052,0
26054,0
26057,0
26061,0
26065,0
26066,0
26068,0
26071,0
26080,0
26081,0
26085,0
26089,0
26091,0
26092,0
26105,0
26108,0
26109,0
26110,0
26111,0
26116,0
26117,0
26120,0
26121,0
26122,0
26123,0
26128,0
26130,0
26132,0
26137,0
26147,0
26151,0
26154,0
26156,0
26162,0
26170,0
26171,0
26178,0
26179,0
26180,0
26184,0
26190,0
26193,0
26194,0
26198,0
26200,0
26204,0
26207,0
26209,0
26211,0
26212,0
26214,0
26217,0
26221,0
26224,0
26227,0
26231,0
26239,0
26245,0
26246,0
26248,0
26251,0
26252,0
26253,0
26254,0
26256,0
26258,0
26259,0
26266,0
26274,0
26276,0
26285,0
26286,0
26288,0
26290,0
26302,0
26309,0
26311,0
26316,0
26317,0
26321,0
26323,0
26324,0
26325,0
26326,0
26327,0
26329,0
26333,0
26335,0
26338,0
26345,0
26348,0
26356,0
26357,0
26359,0
26371,0
26379,0
26382,0
26384,0
26385,0
26387,0
26391,0
26395,0
26397,0
26404,0
26405,0
26406,0
26408,0
26410,0
26412,0
26414,0
26415,0
26416,0
26420,0
26426,0
26430,0
26431,0
26432,0
26433,0
26437,0
26441,0
26443,0
26447,0
26449,0
26453,0
26454,0
26462,0
26466,0
26469,0
26479,0
26481,0
26486,0
26488,0
26489,0
26492,0
26497,0
26511,0
26513,0
26517,0
26519,0
26523,0
26524,0
26532,0
26538,0
26543,0
26544,0
26550,0
26557,0
26559,0
26560,0
26569,0
26577,0
26578,0
26582,0
26583,0
26589,0
26590,0
26591,0
26593,0
26595,0
26607,0
26609,0
26612,0
26616,0
26618,0
26621,0
26623,0
26625,0
26626,0
26627,0
26628,0
26633,0
26637,0
26639,0
26642,0
26646,0
26648,0
26649,0
26650,0
26651,0
26658,0
26668,0
26670,0
26671,0
26675,0
26676,0
26683,0
26688,0
26691,0
26692,0
26694,0
26696,0
26704,0
26705,0
26706,0
26709,0
26715,0
26716,0
26718,0
26719,0
26720,0
26722,0
26723,0
26724,0
26734,0
26735,0
26739,0
26741,0
26742,0
26747,0
26748,0
26752,0
26753,0
26754,0
26755,0
26756,0
26763,0
26768,0
26777,0
26778,0
26779,0
26781,0
26783,0
26787,0
26797,0
26800,0
26801,0
26805,0
26809,0
26810,0
26813,0
26815,0
26816,0
26817,0
26822,0
26823,0
26825,0
26829,0
26830,0
26839,0
26840,0
26842,0
26848,0
26855,0
26858,0
26859,0
26860,0
26861,0
26870,0
26872,0
26873,0
26874,0
26876,0
26877,0
26881,0
26883,0
26886,0
26887,0
26890,0
26899,0
26900,0
26901,0
26902,0
26903,0
26904,0
26905,0
26919,0
26920,0
26921,0
26927,0
26929,0
26931,0
26932,0
26936,0
26938,0
26940,0
26945,0
26946,0
26947,0
26948,0
26958,0
26962,0
26963,0
26965,0
26967,0
26968,0
26970,0
26973,0
26978,0
26979,0
26987,0
26993,0
26995,0
27001,0
27002,0
27004,0
27012,0
27015,0
27016,0
27021,0
27031,0
27033,0
27036,0
27040,0
27045,0
27047,0
27050,0
27054,0
27058,0
27063,0
27064,0
27066,0
27067,0
27069,0
27071,0
27076,0
27083,0
27087,0
27090,0
27097,0
27099,0
27102,0
27112,0
27113,0
27117,0
27118,0
27119,0
27121,0
27122,0
27134,0
27135,0
27136,0
27137,0
27139,0
27146,0
27147,0
27150,0
27157,0
27158,0
27179,0
27182,0
27183,0
27188,0
27189,0
27193,0
27194,0
27195,0
27196,0
27197,0
27198,0
27200,0
27203,0
27209,0
27216,0
27220,0
27222,0
27234,0
27236,0
27237,0
27238,0
27248,0
27252,0
27256,0
27259,0
27265,0
27277,0
27281,0
27283,0
27288,0
27289,0
27290,0
27291,0
27293,0
27298,0
27299,0
27304,0
27305,0
27308,0
27309,0
27311,0
27315,0
27321,0
27326,0
27330,0
27332,0
27333,0
27335,0
27344,0
27354,0
27355,0
27358,0
27360,0
27361,0
27365,0
27371,0
27373,0
27377,0
27378,0
27379,0
27381,0
27382,0
27384,0
27391,0
27392,0
27393,0
27394,0
27400,0
27402,0
27414,0
27415,0
27431,0
27447,0
27451,0
27452,0
27455,0
27456,0
27458,0
27459,0
27461,0
27462,0
27464,0
27468,0
27475,0
27478,0
27483,0
27487,0
27496,0
27497,0
27500,0
27501,0
27502,0
27505,0
27507,0
27510,0
27515,0
27516,0
27519,0
27525,0
27530,0
27531,0
27534,0
27535,0
27547,0
27548,0
27550,0
27555,0
27556,0
27557,0
27558,0
27561,0
27574,0
27580,0
27582,0
27587,0
27589,0
27591,0
27592,0
27593,0
27594,0
27595,0
27603,0
27605,0
27607,0
27611,0
27612,0
27618,0
27620,0
27625,0
27627,0
27628,0
27633,0
27640,0
27641,0
27648,0
27650,0
27653,0
27656,0
27657,0
27658,0
27659,0
27663,0
27665,0
27666,0
27667,0
27673,0
27674,0
27677,0
27680,0
27682,0
27684,0
27689,0
27694,0
27695,0
27698,0
27699,0
27700,0
27701,0
27702,0
27706,0
27708,0
27711,0
27715,0
27718,0
27719,0
27721,0
27723,0
27725,0
27727,0
27729,0
27731,0
27732,0
27733,0
27740,0
27744,0
27746,0
27748,0
27750,0
27754,0
27756,0
27757,0
27761,0
27764,0
27769,0
27774,0
27778,0
27781,0
27788,0
27790,0
27796,0
27798,0
27800,0
27803,0
27808,0
27810,0
27811,0
27816,0
27819,0
27821,0
27822,0
27823,0
27824,0
27827,0
27835,0
27837,0
27839,0
27840,0
27841,0
27847,0
27858,0
27859,0
27861,0
27862,0
27866,0
27867,0
27872,0
27874,0
27875,0
27882,0
27883,0
27885,0
27889,0
27890,0
27895,0
27900,0
27901,0
27904,0
27911,0
27914,0
27918,0
27921,0
27923,0
27925,0
27938,0
27945,0
27949,0
27951,0
27954,0
27955,0
27959,0
27961,0
27964,0
27965,0
27968,0
27969,0
27970,0
27977,0
27978,0
27979,0
27982,0
27985,0
27989,0
27991,0
27992,0
27995,0
27998,0
28000,0
28006,0
28007,0
28012,0
28015,0
28018,0
28019,0
28021,0
28022,0
28027,0
28028,0
28030,0
28040,0
28044,0
28045,0
28046,0
28048,0
28058,0
28060,0
28062,0
28067,0
28068,0
28077,0
28079,0
28082,0
28090,0
28105,0
28108,0
28110,0
28114,0
28123,0
28128,0
28130,0
28134,0
28135,0
28137,0
28139,0
28141,0
28142,0
28150,0
28155,0
28163,0
28166,0
28168,0
28172,0
28174,0
28177,0
28185,0
28191,0
28195,0
28197,0
28201,0
28205,0
28207,0
28211,0
28212,0
28213,0
28215,0
28216,0
28220,0
28231,0
28243,0
28244,0
28245,0
28246,0
28247,0
28256,0
28260,0
28263,0
28264,0
28267,0
28269,0
28272,0
28274,0
28275,0
28278,0
28283,0
28290,0
28291,0
28294,0
28312,0
28316,0
28323,0
28329,0
28330,0
28331,0
28337,0
28342,0
28344,0
28345,0
28347,0
28354,0
28358,0
28366,0
28370,0
28372,0
28373,0
28388,0
28389,0
28394,0
28400,0
28403,0
28406,0
28407,0
28419,0
28423,0
28424,0
28430,0
28435,0
28436,0
28439,0
28440,0
28441,0
28445,0
28452,0
28454,0
28458,0
28459,0
28465,0
28468,0
28473,0
28475,0
28478,0
28482,0
28486,0
28487,0
28491,0
28493,0
28497,0
28504,0
28506,0
28508,0
28511,0
28513,0
28516,0
28518,0
28529,0
28532,0
28539,0
28542,0
28544,0
28551,0
28553,0
28554,0
28557,0
28558,0
28561,0
28565,0
28571,0
28573,0
28574,0
28577,0
28579,0
28584,0
28585,0
28589,0
28592,0
28599,0
28602,0
28605,0
28608,0
28614,0
28620,0
28622,0
28626,0
28627,0
28629,0
28632,0
28633,0
28636,0
28640,0
28642,0
28644,0
28649,0
28659,0
28660,0
28663,0
28665,0
28668,0
28672,0
28673,0
28677,0
28679,0
28685,0
28687,0
28688,0
28689,0
28693,0
28700,0
28703,0
28706,0
28708,0
28711,0
28712,0
28713,0
28715,0
28721,0
28725,0
28731,0
28737,0
28738,0
28741,0
28745,0
28757,0
28768,0
28771,0
28772,0
28775,0
28778,0
28782,0
28787,0
28790,0
28791,0
28792,0
28798,0
28801,0
28824,0
28831,0
28835,0
28837,0
28839,0
28840,0
28843,0
28845,0
28848,0
28850,0
28854,0
28857,0
28859,0
28861,0
28863,0
28864,0
28865,0
28867,0
28869,0
28874,0
28880,0
28881,0
28882,0
28884,0
28888,0
28894,0
28896,0
28898,0
28899,0
28900,0
28902,0
28905,0
28908,0
28916,0
28925,0
28935,0
28939,0
28941,0
28942,0
28945,0
28948,0
28950,0
28951,0
28953,0
28958,0
28959,0
28964,0
28965,0
28967,0
28977,0
28978,0
28981,0
28986,0
28988,0
28990,0
28995,0
29000,0
29001,0
29004,0
29006,0
29008,0
29018,0
29020,0
29021,0
29023,0
29030,0
29032,0
29033,0
29036,0
29038,0
29044,0
29051,0
29053,0
29055,0
29057,0
29059,0
29062,0
29064,0
29065,0
29068,0
29075,0
29077,0
29081,0
29083,0
29085,0
29090,0
29092,0
29095,0
29097,0
29103,0
29104,0
29109,0
29111,0
29114,0
29116,0
29118,0
29123,0
29124,0
29126,0
29130,0
29131,0
29135,0
29137,0
29138,0
29139,0
29144,0
29149,0
29152,0
29162,0
29167,0
29170,0
29171,0
29172,0
29176,0
29179,0
29183,0
29184,0
29186,0
29187,0
29193,0
29198,0
29200,0
29202,0
29204,0
29205,0
29209,0
29215,0
29216,0
29219,0
29220,0
29232,0
29233,0
29234,0
29241,0
29246,0
29248,0
29250,0
29259,0
29260,0
29262,0
29270,0
29276,0
29279,0
29280,0
29285,0
29286,0
29290,0
29292,0
29295,0
29309,0
29310,0
29316,0
29318,0
29325,0
29330,0
29332,0
29335,0
29337,0
29344,0
29352,0
29355,0
29359,0
29362,0
29364,0
29376,0
29377,0
29380,0
29382,0
29387,0
29391,0
29392,0
29397,0
29404,0
29407,0
29410,0
29411,0
29412,0
29413,0
29415,0
29419,0
29420,0
29423,0
29427,0
29428,0
29429,0
29431,0
29446,0
29447,0
29450,0
29460,0
29461,0
29462,0
29463,0
29465,0
29469,0
29480,0
29481,0
29483,0
29488,0
29493,0
29500,0
29501,0
29510,0
29514,0
29515,0
29521,0
29535,0
29537,0
29538,0
29539,0
29541,0
29542,0
29547,0
29553,0
29554,0
29555,0
29556,0
29564,0
29568,0
29573,0
29576,0
29578,0
29580,0
29581,0
29592,0
29593,0
29594,0
29598,0
29600,0
29606,0
29609,0
29610,0
29613,0
29615,0
29624,0
29625,0
29631,0
29641,0
29643,0
29644,0
29646,0
29652,0
29659,0
29662,0
29666,0
29668,0
29669,0
29670,0
29674,0
29676,0
29679,0
29684,0
29687,0
29689,0
29690,0
29692,0
29693,0
29696,0
29707,0
29708,0
29713,0
29716,0
29721,0
29726,0
29729,0
29734,0
29736,0
29742,0
29744,0
29746,0
29747,0
29751,0
29752,0
29757,0
29761,0
29762,0
29766,0
29767,0
29770,0
29771,0
29774,0
29775,0
29777,0
29778,0
29781,0
29784,0
29792,0
29796,0
29806,0
29810,0
29812,0
29813,0
29818,0
29819,0
29828,0
29831,0
29836,0
29842,0
29844,0
29849,0
29851,0
29856,0
29857,0
29860,0
29862,0
29867,0
29868,0
29873,0
29874,0
29876,0
29877,0
29880,0
29884,0
29885,0
29890,0
29891,0
29892,0
29895,0
29896,0
29897,0
29900,0
29903,0
29905,0
29908,0
29917,0
29920,0
29924,0
29925,0
29929,0
29933,0
29935,0
29940,0
29943,0
29950,0
29955,0
29963,0
29966,0
29967,0
29968,0
29982,0
29983,0
29985,0
29990,0
29991,0
29992,0
29996,0
29999,0
30004,0
30005,0
30011,0
30012,0
30014,0
30020,0
30029,0
30032,0
30033,0
30034,0
30035,0
30036,0
30046,0
30049,0
30051,0
30053,0
30055,0
30058,0
30059,0
30060,0
30062,0
30063,0
30064,0
30079,0
30083,0
30087,0
30089,0
30092,0
30093,0
30096,0
30101,0
30102,0
30104,0
30105,0
30106,0
30107,0
30113,0
30116,0
30119,0
30120,0
30121,0
30122,0
30133,0
30134,0
30135,0
30137,0
30140,0
30148,0
30149,0
30151,0
30153,0
30157,0
30162,0
30164,0
30167,0
30169,0
30172,0
30173,0
30175,0
30180,0
30189,0
30190,0
30191,0
30195,0
30196,0
30199,0
30204,0
30213,0
30218,0
30223,0
30224,0
30234,0
30236,0
30240,0
30241,0
30242,0
30244,0
30246,0
30248,0
30257,0
30261,0
30262,0
30263,0
30264,0
30266,0
30268,0
30270,0
30271,0
30281,0
30283,0
30284,0
30291,0
30292,0
30295,0
30301,0
30308,0
30311,0
30312,0
30313,0
30314,0
30319,0
30321,0
30323,0
30325,0
30327,0
30333,0
30335,0
30338,0
30344,0
30345,0
30349,0
30352,0
30357,0
30358,0
30359,0
30360,0
30361,0
30365,0
30366,0
30368,0
30369,0
30371,0
30372,0
30375,0
30379,0
30384,0
30389,0
30390,0
30396,0
30399,0
30405,0
30408,0
30415,0
30421,0
30424,0
30426,0
30432,0
30439,0
30443,0
30449,0
30453,0
30455,0
30456,0
30457,0
30459,0
30464,0
30467,0
30482,0
30483,0
30487,0
30491,0
30492,0
30493,0
30500,0
30504,0
30505,0
30526,0
30527,0
30532,0
30534,0
30536,0
30538,0
30546,0
30549,0
30552,0
30561,0
30568,0
30570,0
30571,0
30574,0
30579,0
30580,0
30581,0
30584,0
30585,0
30587,0
30590,0
30591,0
30594,0
30596,0
30597,0
30599,0
30600,0
30603,0
30606,0
30607,0
30616,0
30621,0
30622,0
30623,0
30628,0
30632,0
30633,0
30638,0
30644,0
30648,0
30651,0
30653,0
30656,0
30659,0
30671,0
30673,0
30681,0
30682,0
30689,0
30699,0
30700,0
30702,0
30704,0
30707,0
30710,0
30711,0
30717,0
30723,0
30724,0
30727,0
30729,0
30733,0
30734,0
30735,0
30746,0
30747,0
30749,0
30756,0
30760,0
30761,0
30770,0
30772,0
30773,0
30778,0
30783,0
30785,0
30789,0
30791,0
30792,0
30806,0
30809,0
30811,0
30812,0
30814,0
30816,0
30818,0
30827,0
30828,0
30831,0
30841,0
30842,0
30843,0
30844,0
30845,0
30860,0
30866,0
30872,0
30873,0
30877,0
30879,0
30880,0
30885,0
30892,0
30899,0
30902,0
30904,0
30908,0
30909,0
30925,0
30927,0
30933,0
30935,0
30940,0
30951,0
30956,0
30958,0
30963,0
30965,0
30967,0
30968,0
30970,0
30973,0
30975,0
30976,0
30979,0
30982,0
30984,0
30988,0
30989,0
30990,0
30992,0
30993,0
31001,0
31004,0
31006,0
31011,0
31012,0
31013,0
31014,0
31016,0
31018,0
31023,0
31025,0
31035,0
31037,0
31042,0
31043,0
31044,0
31045,0
31046,0
31050,0
31061,0
31063,0
31065,0
31069,0
31077,0
31078,0
31080,0
31085,0
31086,0
31087,0
31088,0
31089,0
31093,0
31095,0
31097,0
31098,0
31104,0
31110,0
31113,0
31115,0
31119,0
31121,0
31122,0
31123,0
31126,0
31127,0
31129,0
31143,0
31145,0
31146,0
31148,0
31153,0
31159,0
31160,0
31161,0
31166,0
31167,0
31168,0
31189,0
31192,0
31193,0
31196,0
31197,0
31201,0
31204,0
31209,0
31212,0
31216,0
31218,0
31221,0
31224,0
31227,0
31228,0
31233,0
31234,0
31235,0
31239,0
31242,0
31244,0
31249,0
31250,0
31252,0
31256,0
31258,0
31265,0
31269,0
31274,0
31279,0
31289,0
31290,0
31295,0
31298,0
31301,0
31304,0
31308,0
31313,0
31321,0
31329,0
31330,0
31333,0
31336,0
31339,0
31340,0
31341,0
31348,0
31352,0
31353,0
31354,0
31355,0
31358,0
31362,0
31363,0
31368,0
31379,0
31388,0
31391,0
31393,0
31402,0
31403,0
31404,0
31405,0
31408,0
31412,0
31414,0
31416,0
31418,0
31420,0
31425,0
31433,0
31435,0
31436,0
31442,0
31444,0
31452,0
31453,0
31458,0
31464,0
31466,0
31467,0
31470,0
31471,0
31474,0
31476,0
31477,0
31478,0
31480,0
31484,0
31488,0
31489,0
31491,0
31492,0
31493,0
31496,0
31499,0
31505,0
31508,0
31514,0
31519,0
31526,0
31537,0
31539,0
31540,0
31542,0
31544,0
31545,0
31551,0
31558,0
31560,0
31561,0
31565,0
31566,0
31574,0
31577,0
31587,0
31588,0
31590,0
31595,0
31597,0
31598,0
31604,0
31605,0
31608,0
31610,0
31612,0
31621,0
31624,0
31625,0
31630,0
31635,0
31637,0
31641,0
31644,0
31647,0
31649,0
31652,0
31654,0
31661,0
31665,0
31669,0
31670,0
31673,0
31683,0
31685,0
31688,0
31692,0
31694,0
31695,0
31696,0
31698,0
31699,0
31701,0
31702,0
31706,0
31707,0
31711,0
31712,0
31719,0
31724,0
31737,0
31739,0
31740,0
31752,0
31763,0
31765,0
31774,0
31775,0
31777,0
31778,0
31779,0
31784,0
31786,0
31794,0
31795,0
31799,0
31804,0
31809,0
31810,0
31811,0
31815,0
31822,0
31827,0
31828,0
31831,0
31832,0
31833,0
31837,0
31838,0
31839,0
31843,0
31844,0
31845,0
31847,0
31858,0
31864,0
31865,0
31867,0
31868,0
31869,0
31875,0
31877,0
31878,0
31881,0
31883,0
31887,0
31888,0
31895,0
31898,0
31900,0
31905,0
31907,0
31908,0
31909,0
31910,0
31911,0
31913,0
31920,0
31923,0
31932,0
31933,0
31934,0
31935,0
31938,0
31942,0
31944,0
31945,0
31948,0
31957,0
31958,0
31961,0
31965,0
31968,0
31973,0
31974,0
31979,0
31980,0
31981,0
31988,0
31989,0
31992,0
31993,0
31997,0
32004,0
32013,0
32017,0
32018,0
32020,0
32022,0
32024,0
32025,0
32026,0
32027,0
32031,0
32032,0
32034,0
32037,0
32040,0
32049,0
32051,0
32052,0
32058,0
32064,0
32066,0
32071,0
32072,0
32075,0
32086,0
32087,0
32093,0
32107,0
32111,0
32120,0
32124,0
32130,0
32133,0
32135,0
32136,0
32137,0
32143,0
32148,0
32151,0
32153,0
32155,0
32161,0
32163,0
32165,0
32166,0
32167,0
32175,0
32177,0
32179,0
32180,0
32186,0
32190,0
32194,0
32198,0
32199,0
32200,0
32204,0
32205,0
32206,0
32208,0
32210,0
32213,0
32214,0
32228,0
32229,0
32235,0
32238,0
32248,0
32249,0
32252,0
32256,0
32258,0
32259,0
32261,0
32262,0
32263,0
32266,0
32270,0
32272,0
32273,0
32274,0
32277,0
32281,0
32282,0
32286,0
32287,0
32290,0
32292,0
32294,0
32296,0
32297,0
32303,0
32309,0
32311,0
32316,0
32320,0
32322,0
32323,0
32326,0
32332,0
32333,0
32340,0
32348,0
32350,0
32351,0
32354,0
32361,0
32363,0
32367,0
32370,0
32372,0
32383,0
32388,0
32390,0
32391,0
32392,0
32394,0
32397,0
32401,0
32403,0
32404,0
32406,0
32408,0
32411,0
32413,0
32415,0
32423,0
32424,0
32427,0
32428,0
32429,0
32431,0
32434,0
32437,0
32439,0
32445,0
32447,0
32448,0
32454,0
32457,0
32461,0
32463,0
32467,0
32468,0
32470,0
32471,0
32473,0
32476,0
32477,0
32478,0
32480,0
32481,0
32486,0
32488,0
32493,0
32496,0
32497,0
32498,0
32499,0
32501,0
32502,0
32509,0
32514,0
32527,0
32530,0
32532,0
32533,0
32543,0
32547,0
32548,0
32549,0
32550,0
32551,0
32554,0
32555,0
32556,0
32560,0
32571,0
32586,0
32593,0
32594,0
32595,0
32597,0
32600,0
32601,0
32602,0
32603,0
32607,0
32609,0
32610,0
32615,0
32619,0
32623,0
32624,0
32628,0
32633,0
32641,0
32648,0
32650,0
32653,0
32654,0
32656,0
32661,0
32663,0
32664,0
32666,0
32667,0
32668,0
32670,0
32680,0
32686,0
32688,0
32690,0
32694,0
32699,0
32706,0
32709,0
32714,0
32717,0
32720,0
32724,0
32734,0
32736,0
32737,0
32739,0
32740,0
32743,0
32746,0
32748,0
32757,0
32759,0
32762,0
32764,0
32766,0
32768,0
32770,0
32773,0
32781,0
32782,0
32784,0
32788,0
32790,0
32792,0
32797,0
32800,0
32803,0
32807,0
32808,0
32809,0
32811,0
32812,0
32815,0
32816,0
32818,0
32820,0
32826,0
32827,0
32833,0
32842,0
32847,0
32848,0
32855,0
32857,0
32859,0
32860,0
32861,0
32863,0
32865,0
32869,0
32873,0
32883,0
32884,0
32885,0
32889,0
32891,0
32892,0
32894,0
32899,0
32900,0
32905,0
32908,0
32910,0
32913,0
32922,0
32925,0
32934,0
32935,0
32936,0
32942,0
32944,0
32946,0
32947,0
32954,0
32956,0
32962,0
32967,0
32968,0
32970,0
32974,0
32976,0
32978,0
32981,0
32982,0
32984,0
32987,0
32989,0
32991,0
32995,0
32996,0
32998,0
32999,0
33001,0
33002,0
33005,0
33006,0
33007,0
33011,0
33012,0
33013,0
33014,0
33018,0
33022,0
33023,0
33029,0
33031,0
33037,0
33040,0
33041,0
33050,0
33052,0
33054,0
33055,0
33058,0
33062,0
33066,0
33067,0
33069,0
33070,0
33073,0
33074,0
33077,0
33090,0
33091,0
33094,0
33097,0
33101,0
33107,0
33109,0
33112,0
33114,0
33120,0
33130,0
33142,0
33145,0
33148,0
33154,0
33155,0
33159,0
33164,0
33165,0
33166,0
33168,0
33170,0
33172,0
33174,0
33178,0
33184,0
33185,0
33189,0
33190,0
33192,0
33197,0
33203,0
33204,0
33207,0
33208,0
33209,0
33211,0
33214,0
33215,0
33218,0
33223,0
33229,0
33231,0
33234,0
33235,0
33241,0
33248,0
33257,0
33263,0
33266,0
33270,0
33274,0
33278,0
33288,0
33290,0
33294,0
33295,0
33296,0
33297,0
33298,0
33304,0
33305,0
33310,0
33311,0
33313,0
33314,0
33317,0
33323,0
33324,0
33325,0
33332,0
33335,0
33336,0
33340,0
33348,0
33349,0
33353,0
33354,0
33357,0
33361,0
33373,0
33374,0
33375,0
33382,0
33387,0
33392,0
33393,0
33395,0
33397,0
33401,0
33402,0
33406,0
33407,0
33413,0
33421,0
33422,0
33424,0
33425,0
33429,0
33430,0
33431,0
33434,0
33435,0
33436,0
33438,0
33439,0
33442,0
33445,0
33446,0
33453,0
33458,0
33460,0
33463,0
33466,0
33467,0
33472,0
33473,0
33474,0
33476,0
33484,0
33490,0
33494,0
33499,0
33503,0
33506,0
33514,0
33519,0
33525,0
33533,0
33537,0
33540,0
33541,0
33544,0
33545,0
33555,0
33558,0
33561,0
33564,0
33567,0
33569,0
33571,0
33576,0
33578,0
33582,0
33586,0
33588,0
33589,0
33592,0
33594,0
33600,0
33603,0
33604,0
33605,0
33615,0
33616,0
33619,0
33620,0
33621,0
33623,0
33624,0
33628,0
33632,0
33633,0
33634,0
33635,0
33638,0
33646,0
33648,0
33650,0
33656,0
33657,0
33661,0
33667,0
33680,0
33687,0
33692,0
33695,0
33703,0
33706,0
33708,0
33728,0
33730,0
33732,0
33733,0
33738,0
33741,0
33742,0
33744,0
33745,0
33747,0
33752,0
33755,0
33756,0
33761,0
33773,0
33774,0
33777,0
33788,0
33794,0
33797,0
33800,0
33801,0
33802,0
33809,0
33817,0
33820,0
33821,0
33824,0
33825,0
33827,0
33838,0
33842,0
33847,0
33849,0
33851,0
33852,0
33859,0
33862,0
33863,0
33864,0
33867,0
33868,0
33878,0
33880,0
33881,0
33884,0
33886,0
33897,0
33905,0
33907,0
33914,0
33916,0
33917,0
33918,0
33920,0
33922,0
33923,0
33925,0
33930,0
33937,0
33940,0
33942,0
33944,0
33946,0
33948,0
33949,0
33957,0
33958,0
33960,0
33961,0
33962,0
33966,0
33968,0
33969,0
33973,0
33977,0
33978,0
33993,0
33999,0
34004,0
34005,0
34011,0
34012,0
34013,0
34014,0
34017,0
34018,0
34020,0
34024,0
34029,0
34037,0
34043,0
34044,0
34046,0
34057,0
34058,0
34062,0
34068,0
34069,0
34070,0
34077,0
34078,0
34081,0
34085,0
34088,0
34089,0
34091,0
34092,0
34096,0
34099,0
34100,0
34103,0
34105,0
34106,0
34109,0
34114,0
34118,0
34119,0
34122,0
34126,0
34128,0
34130,0
34134,0
34142,0
34146,0
34149,0
34150,0
34152,0
34161,0
34162,0
34163,0
34164,0
34167,0
34172,0
34173,0
34176,0
34178,0
34180,0
34184,0
34187,0
34190,0
34195,0
34204,0
34214,0
34215,0
34219,0
34220,0
34224,0
34226,0
34231,0
34234,0
34238,0
34243,0
34249,0
34253,0
34255,0
34256,0
34264,0
34267,0
34268,0
34270,0
34274,0
34275,0
34280,0
34281,0
34283,0
34284,0
34285,0
34286,0
34289,0
34294,0
34295,0
34298,0
34299,0
34301,0
34303,0
34314,0
34316,0
34323,0
34324,0
34331,0
34333,0
34334,0
34338,0
34343,0
34346,0
34347,0
34351,0
34352,0
34363,0
34371,0
34375,0
34379,0
34381,0
34385,0
34386,0
34390,0
34392,0
34396,0
34398,0
34400,0
34401,0
34402,0
34403,0
34406,0
34407,0
34408,0
34409,0
34412,0
34415,0
34425,0
34428,0
34429,0
34430,0
34437,0
34439,0
34440,0
34441,0
34442,0
34445,0
34453,0
34456,0
34460,0
34463,0
34465,0
34469,0
34472,0
34473,0
34474,0
34481,0
34485,0
34492,0
34493,0
34494,0
34496,0
34498,0
34500,0
34502,0
34503,0
34505,0
34507,0
34508,0
34510,0
34511,0
34513,0
34514,0
34516,0
34521,0
34522,0
34523,0
34529,0
34532,0
34534,0
34536,0
34539,0
34542,0
34544,0
34549,0
34550,0
34555,0
34561,0
34562,0
34564,0
34569,0
34571,0
34574,0
34575,0
34588,0
34591,0
34592,0
34599,0
34601,0
34605,0
34606,0
34607,0
34608,0
34611,0
34612,0
34615,0
34616,0
34619,0
34622,0
34624,0
34626,0
34633,0
34639,0
34646,0
34649,0
34653,0
34656,0
34657,0
34661,0
34668,0
34669,0
34670,0
34673,0
34674,0
34677,0
34682,0
34691,0
34697,0
34701,0
34705,0
34707,0
34709,0
34713,0
34714,0
34718,0
34721,0
34722,0
34726,0
34731,0
34732,0
34736,0
34740,0
34744,0
34747,0
34751,0
34757,0
34759,0
34760,0
34761,0
34763,0
34764,0
34766,0
34767,0
34771,0
34772,0
34773,0
34775,0
34780,0
34783,0
34784,0
34787,0
34790,0
34795,0
34796,0
34797,0
34799,0
34801,0
34802,0
34806,0
34809,0
34811,0
34813,0
34816,0
34817,0
34822,0
34828,0
34831,0
34835,0
34838,0
34839,0
34843,0
34845,0
34847,0
34848,0
34851,0
34853,0
34855,0
34858,0
34863,0
34864,0
34867,0
34872,0
34873,0
34876,0
34878,0
34881,0
34885,0
34891,0
34895,0
34896,0
34906,0
34916,0
34917,0
34928,0
34929,0
34932,0
34934,0
34935,0
34936,0
34939,0
34942,0
34946,0
34956,0
34960,0
34965,0
34966,0
34967,0
34969,0
34974,0
34977,0
34989,0
34999,0
35000,0
35001,0
35002,0
35004,0
35011,0
35014,0
35018,0
35020,0
35024,0
35027,0
35030,0
35031,0
35032,0
35034,0
35035,0
35038,0
35042,0
35043,0
35044,0
35046,0
35053,0
35056,0
35061,0
35067,0
35069,0
35070,0
35071,0
35075,0
35081,0
35095,0
35105,0
35106,0
35112,0
35113,0
35114,0
35118,0
35120,0
35122,0
35126,0
35127,0
35129,0
35131,0
35136,0
35137,0
35140,0
35141,0
35144,0
35145,0
35147,0
35148,0
35149,0
35153,0
35157,0
35161,0
35165,0
35173,0
35174,0
35178,0
35182,0
35185,0
35187,0
35189,0
35190,0
35195,0
35199,0
35201,0
35213,0
35216,0
35220,0
35221,0
35231,0
35236,0
35237,0
35239,0
35243,0
35245,0
35248,0
35249,0
35250,0
35252,0
35253,0
35256,0
35258,0
35260,0
35266,0
35267,0
35269,0
35271,0
35275,0
35278,0
35280,0
35281,0
35284,0
35290,0
35312,0
35316,0
35318,0
35320,0
35321,0
35322,0
35330,0
35334,0
35335,0
35338,0
35343,0
35345,0
35346,0
35355,0
35364,0
35372,0
35373,0
35376,0
35379,0
35380,0
35382,0
35384,0
35388,0
35390,0
35395,0
35396,0
35401,0
35405,0
35410,0
35421,0
35424,0
35425,0
35441,0
35444,0
35449,0
35453,0
35455,0
35457,0
35459,0
35463,0
35465,0
35468,0
35469,0
35470,0
35472,0
35473,0
35475,0
35476,0
35484,0
35488,0
35491,0
35496,0
35498,0
35502,0
35510,0
35511,0
35514,0
35516,0
35519,0
35521,0
35522,0
35527,0
35528,0
35529,0
35535,0
35543,0
35548,0
35550,0
35553,0
35555,0
35560,0
35562,0
35564,0
35566,0
35568,0
35570,0
35571,0
35574,0
35577,0
35586,0
35593,0
35594,0
35597,0
35598,0
35602,0
35604,0
35606,0
35610,0
35621,0
35625,0
35629,0
35630,0
35632,0
35642,0
35645,0
35650,0
35656,0
35661,0
35665,0
35671,0
35675,0
35688,0
35690,0
35695,0
35697,0
35699,0
35701,0
35704,0
35706,0
35708,0
35714,0
35715,0
35717,0
35720,0
35721,0
35723,0
35724,0
35729,0
35731,0
35733,0
35734,0
35736,0
35737,0
35738,0
35741,0
35743,0
35745,0
35746,0
35747,0
35748,0
35751,0
35752,0
35754,0
35766,0
35768,0
35769,0
35770,0
35782,0
35785,0
35786,0
35789,0
35796,0
35799,0
35801,0
35802,0
35804,0
35806,0
35809,0
35813,0
35815,0
35824,0
35826,0
35827,0
35833,0
35837,0
35838,0
35839,0
35841,0
35842,0
35845,0
35846,0
35850,0
35851,0
35858,0
35859,0
35862,0
35863,0
35870,0
35875,0
35876,0
35877,0
35879,0
35880,0
35883,0
35884,0
35885,0
35889,0
35892,0
35895,0
35899,0
35905,0
35906,0
35909,0
35916,0
35917,0
35919,0
35921,0
35925,0
35927,0
35932,0
35933,0
35944,0
35948,0
35949,0
35950,0
35952,0
35953,0
35956,0
35958,0
35960,0
35964,0
35965,0
35966,0
35967,0
35979,0
35983,0
35984,0
35985,0
35987,0
35993,0
35996,0
35998,0
35999,0
36001,0
36004,0
36006,0
36012,0
36016,0
36019,0
36022,0
36027,0
36034,0
36036,0
36038,0
36039,0
36041,0
36043,0
36044,0
36045,0
36050,0
36053,0
36057,0
36058,0
36061,0
36068,0
36069,0
36074,0
36075,0
36078,0
36079,0
36080,0
36081,0
36085,0
36088,0
36090,0
36092,0
36098,0
36100,0
36103,0
36111,0
36112,0
36113,0
36115,0
36119,0
36121,0
36130,0
36134,0
36137,0
36142,0
36143,0
36145,0
36149,0
36151,0
36152,0
36153,0
36156,0
36157,0
36165,0
36174,0
36175,0
36176,0
36183,0
36187,0
36191,0
36193,0
36195,0
36196,0
36201,0
36202,0
36203,0
36204,0
36205,0
36217,0
36218,0
36219,0
36220,0
36222,0
36229,0
36230,0
36233,0
36237,0
36238,0
36242,0
36244,0
36246,0
36247,0
36248,0
36251,0
36255,0
36258,0
36260,0
36264,0
36265,0
36272,0
36280,0
36281,0
36285,0
36288,0
36294,0
36297,0
36304,0
36307,0
36312,0
36314,0
36316,0
36318,0
36319,0
36325,0
36327,0
36330,0
36331,0
36334,0
36336,0
36337,0
36342,0
36343,0
36345,0
36347,0
36354,0
36356,0
36359,0
36362,0
36370,0
36371,0
36372,0
36378,0
36381,0
36387,0
36392,0
36393,0
36394,0
36397,0
36399,0
36406,0
36418,0
36419,0
36420,0
36423,0
36431,0
36435,0
36441,0
36442,0
36443,0
36445,0
36446,0
36449,0
36459,0
36467,0
36472,0
36473,0
36475,0
36481,0
36490,0
36496,0
36498,0
36500,0
36501,0
36504,0
36507,0
36511,0
36517,0
36519,0
36521,0
36522,0
36523,0
36525,0
36527,0
36530,0
36531,0
36536,0
36539,0
36540,0
36542,0
36547,0
36553,0
36567,0
36569,0
36573,0
36576,0
36577,0
36578,0
36580,0
36592,0
36595,0
36600,0
36602,0
36607,0
36608,0
36613,0
36616,0
36619,0
36622,0
36623,0
36626,0
36628,0
36629,0
36630,0
36632,0
36635,0
36637,0
36638,0
36640,0
36642,0
36644,0
36648,0
36649,0
36650,0
36651,0
36652,0
36657,0
36658,0
36660,0
36661,0
36663,0
36668,0
36671,0
36673,0
36675,0
36679,0
36680,0
36684,0
36685,0
36687,0
36689,0
36694,0
36696,0
36697,0
36700,0
36703,0
36706,0
36707,0
36709,0
36710,0
36716,0
36724,0
36729,0
36732,0
36750,0
36754,0
36762,0
36765,0
36770,0
36773,0
36774,0
36775,0
36783,0
36785,0
36786,0
36788,0
36790,0
36791,0
36796,0
36797,0
36798,0
36801,0
36804,0
36808,0
36813,0
36817,0
36827,0
36828,0
36833,0
36834,0
36838,0
36840,0
36844,0
36845,0
36847,0
36848,0
36853,0
36854,0
36857,0
36864,0
36866,0
36869,0
36873,0
36874,0
36875,0
36876,0
36881,0
36885,0
36892,0
36893,0
36894,0
36896,0
36901,0
36909,0
36910,0
36912,0
36918,0
36920,0
36922,0
36934,0
36937,0
36938,0
36941,0
36947,0
36948,0
36950,0
36963,0
36964,0
36966,0
36972,0
36976,0
36977,0
36981,0
36982,0
36987,0
36991,0
36992,0
36998,0
37005,0
37007,0
37008,0
37010,0
37015,0
37025,0
37027,0
37028,0
37031,0
37036,0
37038,0
37039,0
37043,0
37046,0
37047,0
37048,0
37051,0
37057,0
37061,0
37063,0
37064,0
37065,0
37067,0
37073,0
37074,0
37078,0
37079,0
37081,0
37083,0
37093,0
37094,0
37095,0
37100,0
37101,0
37103,0
37105,0
37108,0
37109,0
37110,0
37111,0
37114,0
37117,0
37126,0
37130,0
37131,0
37137,0
37140,0
37144,0
37145,0
37153,0
37155,0
37157,0
37162,0
37167,0
37168,0
37170,0
37172,0
37173,0
37175,0
37178,0
37179,0
37183,0
37185,0
37186,0
37192,0
37197,0
37198,0
37202,0
37206,0
37207,0
37208,0
37209,0
37215,0
37216,0
37217,0
37218,0
37224,0
37225,0
37227,0
37237,0
37246,0
37249,0
37252,0
37260,0
37261,0
37269,0
37271,0
37276,0
37285,0
37290,0
37293,0
37295,0
37299,0
37303,0
37304,0
37307,0
37308,0
37311,0
37312,0
37313,0
37317,0
37318,0
37319,0
37322,0
37323,0
37324,0
37326,0
37327,0
37328,0
37332,0
37335,0
37339,0
37342,0
37343,0
37344,0
37349,0
37350,0
37352,0
37353,0
37355,0
37359,0
37362,0
37367,0
37368,0
37369,0
37374,0
37379,0
37380,0
37382,0
37388,0
37390,0
37394,0
37396,0
37398,0
37399,0
37401,0
37402,0
37404,0
37406,0
37412,0
37413,0
37418,0
37421,0
37425,0
37426,0
37429,0
37431,0
37432,0
37434,0
37435,0
37436,0
37438,0
37440,0
37441,0
37443,0
37446,0
37448,0
37453,0
37455,0
37459,0
37464,0
37471,0
37472,0
37474,0
37475,0
37480,0
37483,0
37488,0
37494,0
37497,0
37500,0
37502,0
37503,0
37511,0
37513,0
37514,0
37515,0
37529,0
37530,0
37533,0
37539,0
37544,0
37546,0
37552,0
37555,0
37557,0
37562,0
37563,0
37565,0
37570,0
37581,0
37584,0
37586,0
37587,0
37588,0
37589,0
37590,0
37594,0
37596,0
37597,0
37599,0
37601,0
37605,0
37606,0
37610,0
37616,0
37622,0
37624,0
37627,0
37629,0
37632,0
37646,0
37649,0
37650,0
37651,0
37652,0
37655,0
37659,0
37660,0
37665,0
37670,0
37671,0
37677,0
37681,0
37683,0
37684,0
37686,0
37688,0
37690,0
37692,0
37693,0
37697,0
37703,0
37705,0
37706,0
37712,0
37714,0
37718,0
37719,0
37722,0
37727,0
37734,0
37739,0
37740,0
37744,0
37747,0
37754,0
37756,0
37760,0
37761,0
37762,0
37765,0
37769,0
37773,0
37774,0
37775,0
37782,0
37783,0
37784,0
37785,0
37787,0
37792,0
37800,0
37802,0
37805,0
37809,0
37810,0
37818,0
37819,0
37822,0
37829,0
37835,0
37836,0
37837,0
37838,0
37845,0
37851,0
37854,0
37857,0
37858,0
37866,0
37867,0
37870,0
37882,0
37883,0
37893,0
37896,0
37898,0
37905,0
37909,0
37915,0
37921,0
37925,0
37928,0
37930,0
37931,0
37932,0
37934,0
37938,0
37939,0
37941,0
37943,0
37944,0
37945,0
37947,0
37951,0
37954,0
37956,0
37964,0
37967,0
37969,0
37973,0
37977,0
37980,0
37984,0
37987,0
37988,0
37990,0
37991,0
37995,0
37996,0
37997,0
37998,0
38000,0
38002,0
38006,0
38007,0
38009,0
38010,0
38012,0
38015,0
38016,0
38019,0
38026,0
38028,0
38034,0
38035,0
38040,0
38048,0
38051,0
38054,0
38058,0
38060,0
38064,0
38066,0
38068,0
38072,0
38076,0
38077,0
38078,0
38079,0
38081,0
38082,0
38083,0
38087,0
38091,0
38099,0
38101,0
38104,0
38106,0
38110,0
38113,0
38116,0
38121,0
38124,0
38128,0
38129,0
38130,0
38131,0
38133,0
38140,0
38148,0
38156,0
38158,0
38160,0
38162,0
38167,0
38168,0
38176,0
38177,0
38182,0
38185,0
38190,0
38201,0
38205,0
38207,0
38208,0
38211,0
38215,0
38217,0
38218,0
38221,0
38224,0
38230,0
38231,0
38236,0
38237,0
38245,0
38249,0
38252,0
38254,0
38260,0
38271,0
38275,0
38276,0
38277,0
38281,0
38284,0
38285,0
38295,0
38299,0
38300,0
38302,0
38307,0
38309,0
38310,0
38312,0
38317,0
38319,0
38320,0
38321,0
38327,0
38332,0
38336,0
38338,0
38339,0
38342,0
38345,0
38347,0
38352,0
38354,0
38355,0
38357,0
38360,0
38364,0
38369,0
38375,0
38381,0
38383,0
38385,0
38387,0
38388,0
38395,0
38402,0
38403,0
38407,0
38409,0
38411,0
38416,0
38428,0
38434,0
38441,0
38448,0
38457,0
38460,0
38464,0
38471,0
38472,0
38475,0
38483,0
38484,0
38489,0
38493,0
38499,0
38501,0
38503,0
38504,0
38507,0
38510,0
38513,0
38515,0
38516,0
38519,0
38520,0
38525,0
38527,0
38534,0
38536,0
38544,0
38547,0
38549,0
38550,0
38551,0
38552,0
38560,0
38561,0
38566,0
38568,0
38570,0
38576,0
38578,0
38581,0
38590,0
38592,0
38593,0
38596,0
38600,0
38601,0
38604,0
38613,0
38614,0
38615,0
38626,0
38627,0
38633,0
38634,0
38637,0
38639,0
38644,0
38645,0
38646,0
38652,0
38655,0
38657,0
38658,0
38659,0
38660,0
38661,0
38663,0
38668,0
38677,0
38680,0
38681,0
38685,0
38690,0
38693,0
38694,0
38695,0
38706,0
38707,0
38708,0
38709,0
38710,0
38714,0
38715,0
38717,0
38718,0
38721,0
38724,0
38727,0
38728,0
38729,0
38730,0
38732,0
38736,0
38740,0
38742,0
38744,0
38745,0
38747,0
38754,0
38757,0
38758,0
38760,0
38762,0
38779,0
38781,0
38782,0
38783,0
38792,0
38795,0
38797,0
38802,0
38804,0
38805,0
38806,0
38808,0
38812,0
38817,0
38822,0
38828,0
38829,0
38831,0
38835,0
38839,0
38843,0
38844,0
38850,0
38852,0
38856,0
38857,0
38858,0
38862,0
38863,0
38864,0
38868,0
38874,0
38875,0
38880,0
38883,0
38886,0
38889,0
38890,0
38893,0
38894,0
38897,0
38900,0
38901,0
38905,0
38908,0
38916,0
38917,0
38926,0
38927,0
38928,0
38932,0
38933,0
38937,0
38938,0
38940,0
38946,0
38950,0
38956,0
38958,0
38959,0
38960,0
38963,0
38965,0
38966,0
38968,0
38970,0
38972,0
38975,0
38985,0
38988,0
38991,0
38993,0
38997,0
39005,0
39007,0
39013,0
39015,0
39029,0
39031,0
39041,0
39046,0
39048,0
39050,0
39052,0
39057,0
39059,0
39061,0
39067,0
39073,0
39075,0
39076,0
39078,0
39080,0
39085,0
39086,0
39089,0
39091,0
39099,0
39113,0
39115,0
39118,0
39130,0
39132,0
39134,0
39138,0
39139,0
39143,0
39148,0
39151,0
39158,0
39159,0
39160,0
39163,0
39164,0
39169,0
39170,0
39172,0
39173,0
39175,0
39177,0
39178,0
39184,0
39185,0
39191,0
39196,0
39199,0
39204,0
39205,0
39209,0
39217,0
39219,0
39220,0
39223,0
39231,0
39235,0
39236,0
39242,0
39243,0
39249,0
39254,0
39257,0
39258,0
39261,0
39262,0
39264,0
39268,0
39270,0
39275,0
39277,0
39281,0
39290,0
39292,0
39294,0
39296,0
39297,0
39298,0
39301,0
39303,0
39307,0
39310,0
39316,0
39319,0
39324,0
39325,0
39334,0
39347,0
39359,0
39366,0
39371,0
39374,0
39376,0
39382,0
39385,0
39388,0
39389,0
39390,0
39392,0
39407,0
39409,0
39417,0
39419,0
39421,0
39425,0
39429,0
39431,0
39432,0
39434,0
39436,0
39437,0
39439,0
39440,0
39441,0
39444,0
39446,0
39450,0
39451,0
39458,0
39460,0
39461,0
39463,0
39466,0
39470,0
39471,0
39474,0
39475,0
39477,0
39479,0
39481,0
39482,0
39486,0
39490,0
39491,0
39493,0
39497,0
39499,0
39500,0
39501,0
39513,0
39525,0
39526,0
39528,0
39529,0
39530,0
39535,0
39537,0
39538,0
39541,0
39553,0
39554,0
39559,0
39560,0
39577,0
39580,0
39586,0
39588,0
39589,0
39591,0
39593,0
39595,0
39596,0
39597,0
39599,0
39600,0
39602,0
39605,0
39608,0
39610,0
39617,0
39618,0
39619,0
39628,0
39634,0
39640,0
39646,0
39658,0
39661,0
39662,0
39663,0
39665,0
39669,0
39670,0
39672,0
39673,0
39675,0
39677,0
39680,0
39688,0
39689,0
39691,0
39692,0
39696,0
39697,0
39704,0
39706,0
39713,0
39714,0
39722,0
39724,0
39729,0
39736,0
39740,0
39744,0
39745,0
39747,0
39749,0
39750,0
39753,0
39754,0
39757,0
39760,0
39766,0
39767,0
39773,0
39777,0
39779,0
39783,0
39786,0
39788,0
39793,0
39795,0
39797,0
39799,0
39800,0
39804,0
39806,0
39807,0
39808,0
39810,0
39813,0
39814,0
39815,0
39832,0
39836,0
39837,0
39846,0
39852,0
39858,0
39862,0
39865,0
39866,0
39874,0
39881,0
39883,0
39884,0
39888,0
39898,0
39902,0
39907,0
39908,0
39909,0
39911,0
39920,0
39924,0
39926,0
39928,0
39929,0
39931,0
39932,0
39936,0
39938,0
39940,0
39942,0
39943,0
39945,0
39946,0
39950,0
39955,0
39963,0
39966,0
39972,0
39974,0
39978,0
39979,0
39980,0
39987,0
39999,0
40006,0
40014,0
40027,0
40029,0
40030,0
40034,0
40037,0
40039,0
40046,0
40048,0
40049,0
40050,0
40057,0
40058,0
40061,0
40063,0
40067,0
40068,0
40075,0
40079,0
40080,0
40081,0
40083,0
40087,0
40088,0
40092,0
40096,0
40098,0
40099,0
40101,0
40104,0
40106,0
40108,0
40112,0
40113,0
40115,0
40116,0
40117,0
40120,0
40121,0
40123,0
40124,0
40126,0
40140,0
40141,0
40143,0
40144,0
40147,0
40149,0
40151,0
40154,0
40161,0
40163,0
40166,0
40168,0
40169,0
40170,0
40171,0
40172,0
40174,0
40175,0
40177,0
40180,0
40183,0
40186,0
40189,0
40193,0
40196,0
40199,0
40200,0
40201,0
40204,0
40214,0
40215,0
40217,0
40218,0
40220,0
40221,0
40224,0
40226,0
40237,0
40241,0
40242,0
40245,0
40251,0
40259,0
40261,0
40265,0
40266,0
40270,0
40272,0
40273,0
40274,0
40277,0
40279,0
40282,0
40290,0
40291,0
40295,0
40301,0
40302,0
40305,0
40309,0
40314,0
40321,0
40322,0
40335,0
40336,0
40339,0
40343,0
40344,0
40352,0
40358,0
40361,0
40362,0
40363,0
40375,0
40386,0
40387,0
40388,0
40391,0
40392,0
40401,0
40403,0
40415,0
40420,0
40423,0
40424,0
40425,0
40426,0
40430,0
40433,0
40443,0
40446,0
40458,0
40461,0
40475,0
40484,0
40488,0
40491,0
40493,0
40495,0
40497,0
40498,0
40500,0
40503,0
40505,0
40506,0
40514,0
40521,0
40524,0
40525,0
40528,0
40530,0
40532,0
40533,0
40534,0
40536,0
40537,0
40546,0
40549,0
40552,0
40553,0
40558,0
40561,0
40562,0
40564,0
40567,0
40568,0
40569,0
40570,0
40582,0
40583,0
40584,0
40586,0
40588,0
40589,0
40593,0
40596,0
40602,0
40606,0
40613,0
40614,0
40615,0
40617,0
40619,0
40623,0
40627,0
40643,0
40644,0
